/*
 Navicat Premium Data Transfer

 Source Server         : MySQL
 Source Server Type    : MySQL
 Source Server Version : 50726
 Source Host           : localhost:3306
 Source Schema         : db_waitfish_blog

 Target Server Type    : MySQL
 Target Server Version : 50726
 File Encoding         : 65001

 Date: 10/10/2021 22:49:43
*/

SET NAMES utf8mb4;
SET FOREIGN_KEY_CHECKS = 0;

-- ----------------------------
-- Table structure for articles
-- ----------------------------
DROP TABLE IF EXISTS `articles`;
CREATE TABLE `articles`  (
  `id` int(11) NOT NULL AUTO_INCREMENT,
  `type` varchar(255) CHARACTER SET utf8 COLLATE utf8_unicode_ci NOT NULL,
  `title` varchar(255) CHARACTER SET utf8 COLLATE utf8_unicode_ci NOT NULL,
  `author` varchar(255) CHARACTER SET utf8 COLLATE utf8_unicode_ci NOT NULL DEFAULT '等鱼',
  `imgSrc` varchar(255) CHARACTER SET utf8 COLLATE utf8_unicode_ci NOT NULL,
  `content` longtext CHARACTER SET utf8 COLLATE utf8_unicode_ci NOT NULL,
  `reviewCount` int(255) NOT NULL DEFAULT 0,
  `readCount` int(255) NOT NULL DEFAULT 0,
  `goodCount` int(255) NOT NULL DEFAULT 0,
  `createDate` datetime NOT NULL DEFAULT CURRENT_TIMESTAMP,
  PRIMARY KEY (`id`) USING BTREE
) ENGINE = MyISAM AUTO_INCREMENT = 24 CHARACTER SET = utf8 COLLATE = utf8_unicode_ci ROW_FORMAT = Dynamic;

-- ----------------------------
-- Records of articles
-- ----------------------------
INSERT INTO `articles` VALUES (1, 'VUE', 'Computed 和 Watch', '等鱼/张先森', '/images/test.jpg', 'Computed本质是一个具备缓存的watcher，依赖的属性发生变化就会更新视图。 适用于计算比较消耗性能的计算场景。当表达式过于复杂时，在模板中放入过多逻辑会让模板难以维护，可以将复杂的逻辑放入计算属性中处理。', 1, 8, 2, '2021-09-17 21:17:18');
INSERT INTO `articles` VALUES (2, 'JS', 'js防抖与节流的区别及实现', '张先森', '/images/test1.jpg', '<p>防抖 节流 * 概念： * 函数防抖(debounce)：触发高频事件后n秒内函数只会执行一次，如果n秒内高频事件再次被触发，则重新计算时间。 * 函数节流(throttle)：高频事件触发，但在n秒内只会执行一次，所以节流会稀释函数的执行频率。 * 作用： * 优化性能，减少内存消耗。对于高频触发事件做防抖和节流处理时非常重要的</p>', 0, 10, 1, '2021-09-13 00:24:53');
INSERT INTO `articles` VALUES (3, '*', '阿里、头条、网易等 19 家大厂面试题', '等鱼/张先森', '/images/clock.png', '来自网易大佬的大厂面经,阿里: 使用过的Koa2中间件、Koa-body原理\r\n介绍自己写过的中间件、有没有涉及到Cluster、介绍Pm2、Master挂了的话Pm2怎么处理、如何和MySQL进行通信、React声明周期及自己的理解、如何配置React-Router、路由的动态加载模块、服务端渲染SSR、介绍路由的History、介绍Redux数据流的流程、Redux如何实现多个组件之间的通信，多个组件使用相同状态如何进行管理、多个组件之间如何拆分各自的State，每块小的组件有自己的状态，它们之间还有一些公共的状态需要维护，如何思考这块', 0, 14, 2, '2021-09-13 00:24:58');
INSERT INTO `articles` VALUES (4, '*', '往昔终不在，岁月愿重来', '张先森', '/images/test2.jpg', '沉相遇__秋思落 寒风凛冽的清晨，我从朦胧的梦中醒来，我是很不愿意早早起床的，那是因为我的心都是冷的。 但寒冷依然在四季中轮回，年年岁岁，从不停歇，从不偷懒，而我，依然宿命孑然一身的守候着，亦如迁徙的候鸟，孤独的翱翔于天际，只为等待下一个季节的更替。', 3, 19, 2, '2021-09-18 11:39:40');
INSERT INTO `articles` VALUES (5, '*', '既往不恋，当下不杂，未来不惧', '张先森', '/images/test3.jpg', '<p>人生就像一直奋笔疾书的铅笔，开始的时候，笔锋总是很尖，但慢慢的就被磨得圆滑了。尽管，做人少不了圆滑，但凡事物极必反，倘若太过圆滑了，也不好，那就意味着差不多该挨削了。</p>', 3, 186, 1, '2021-09-18 11:39:44');
INSERT INTO `articles` VALUES (6, '*', '个人博客为什么没有人用了？', '谭先森', '/images/test5.jpg', '我把个人博客当日记本一样的记录自己的生活日常，它是一个真实的，能够表达我自己情感的地方，与其在朋友圈晒，倒不如把这些记录写在自己的个人博客网站上，哪怕没有观众，没有粉丝。\r\n\r\n\r\n个人博客为什么就没有人用了？是因为现在大多数流量都去了抖音，快手，微视频...但我还是喜欢以文字的形式在个人博客上记录，可能跟我的性格腼腆有关，就是一个呆呆的程序员。\r\n\r\n\r\n\r\n无论以后怎么样，我想我会坚持的，因为它不仅仅是我的爱好，更是一种精神的寄托。\r\n\r\n\r\n\r\n其实关键性还是看目的，用个人博客来做什么？可以是个人找工作，也可以是企业做宣传博客，也可以做优化卖掉，用博客来挣钱的比比皆是，当然大家前期目的性可别太强哦，因为百度排名会非常不稳地，本来个人博客流量就不多...', 1, 68, 1, '2021-09-18 11:38:21');
INSERT INTO `articles` VALUES (7, '*', '新做的网站要不要交换友情链接？', '谭先森', '/images/test4.jpg', '新做好的个人博客网站，没收录没排名，这种现象是常见的，想要百度收录，可以去大平台，比如百度，知乎，新浪，小红书，csdn，博客家园等等放外链，吸引爬虫来你的网站，不过现在的平台审核机制都很严，稍微不慎就封号了，所以去和同类型的博客网站交换链接是比较靠谱的。\r\n\r\n新网站交换友情链接一定要注意：1、一次性不要加太多的友情链接，10个以内为佳。2、网站的相关性，就是都是博客类型的。3、时不时要用站长工具去查一下友情链接的这些网站是否能正常访问。\r\n\r\n\r\n注意上面的几条基本上让百度收录是没有问题的。', 0, 17, 2, '2021-09-18 11:38:16');
INSERT INTO `articles` VALUES (15, '*', '测试文章', '等鱼', '/upload/b182d8a5d96b29ce135935afd255f190.png', '<p>前台用户管理</p><p>字段：头像，用户名，账号，密码</p><p>功能：删除，修改，同户名、账号搜索</p><p>文章管理：</p><p>字段：标题，内容，图片，作者，类型</p><p>文章发布，文章修改</p><p>搜索文章：类型，标题，</p><p>文章评论管理：</p><p>字段：评论者，评论内容，时间，评论文章，评论子节点</p><p>功能删除</p><p>搜索：按文章，按评论者，按评论内容&nbsp;</p><p>留言管理：</p><p>字段：用户，日期，内容</p><p>搜索 按日期显示</p><p>删除</p><p>列表管理</p><p>字段：标题，图片，地址</p><p>删除，增加，修改</p><p>用户,密码，搜索</p><blockquote><span style=\"color: rgb(128, 128, 128); background-color: rgb(0, 0, 0);\">&lt;</span><span style=\"color: rgb(86, 156, 214); background-color: rgb(0, 0, 0);\">el-form</span><span style=\"background-color: rgb(0, 0, 0);\">&nbsp;</span><span style=\"background-color: rgb(0, 0, 0); color: rgb(156, 220, 254);\">ref</span><span style=\"background-color: rgb(0, 0, 0);\">=</span><span style=\"background-color: rgb(0, 0, 0); color: rgb(206, 145, 120);\">\"article\"</span><span style=\"background-color: rgb(0, 0, 0);\">&nbsp;:</span><span style=\"background-color: rgb(0, 0, 0); color: rgb(156, 220, 254);\">model</span><span style=\"background-color: rgb(0, 0, 0);\">=\"</span><span style=\"background-color: rgb(0, 0, 0); color: rgb(156, 220, 254);\">article</span><span style=\"background-color: rgb(0, 0, 0);\">\"&nbsp;</span><span style=\"background-color: rgb(0, 0, 0); color: rgb(156, 220, 254);\">label-width</span><span style=\"background-color: rgb(0, 0, 0);\">=</span><span style=\"background-color: rgb(0, 0, 0); color: rgb(206, 145, 120);\">\"80px\"</span><span style=\"background-color: rgb(0, 0, 0); color: rgb(128, 128, 128);\">&gt;</span></blockquote><blockquote><span style=\"background-color: rgb(0, 0, 0);\">&nbsp;&nbsp;&nbsp;&nbsp;&nbsp;&nbsp;&nbsp;&nbsp;</span><span style=\"background-color: rgb(0, 0, 0); color: rgb(128, 128, 128);\">&lt;</span><span style=\"background-color: rgb(0, 0, 0); color: rgb(86, 156, 214);\">el-form-item</span><span style=\"background-color: rgb(0, 0, 0);\">&nbsp;</span><span style=\"background-color: rgb(0, 0, 0); color: rgb(156, 220, 254);\">label</span><span style=\"background-color: rgb(0, 0, 0);\">=</span><span style=\"background-color: rgb(0, 0, 0); color: rgb(206, 145, 120);\">\"标题\"</span><span style=\"background-color: rgb(0, 0, 0); color: rgb(128, 128, 128);\">&gt;</span></blockquote><blockquote><span style=\"background-color: rgb(0, 0, 0);\">&nbsp;&nbsp;&nbsp;&nbsp;&nbsp;&nbsp;&nbsp;&nbsp;&nbsp;&nbsp;</span><span style=\"background-color: rgb(0, 0, 0); color: rgb(128, 128, 128);\">&lt;</span><span style=\"background-color: rgb(0, 0, 0); color: rgb(86, 156, 214);\">el-col</span><span style=\"background-color: rgb(0, 0, 0);\">&nbsp;:</span><span style=\"background-color: rgb(0, 0, 0); color: rgb(156, 220, 254);\">span</span><span style=\"background-color: rgb(0, 0, 0);\">=\"</span><span style=\"background-color: rgb(0, 0, 0); color: rgb(181, 206, 168);\">20</span><span style=\"background-color: rgb(0, 0, 0);\">\"</span><span style=\"background-color: rgb(0, 0, 0); color: rgb(128, 128, 128);\">&gt;</span></blockquote><blockquote><span style=\"background-color: rgb(0, 0, 0);\">&nbsp;&nbsp;&nbsp;&nbsp;&nbsp;&nbsp;&nbsp;&nbsp;&nbsp;&nbsp;&nbsp;&nbsp;</span><span style=\"background-color: rgb(0, 0, 0); color: rgb(128, 128, 128);\">&lt;</span><span style=\"background-color: rgb(0, 0, 0); color: rgb(86, 156, 214);\">el-input</span><span style=\"background-color: rgb(0, 0, 0);\">&nbsp;</span><span style=\"background-color: rgb(0, 0, 0); color: rgb(156, 220, 254);\">v-model</span><span style=\"background-color: rgb(0, 0, 0);\">=\"</span><span style=\"background-color: rgb(0, 0, 0); color: rgb(156, 220, 254);\">article</span><span style=\"background-color: rgb(0, 0, 0);\">.</span><span style=\"background-color: rgb(0, 0, 0); color: rgb(156, 220, 254);\">title</span><span style=\"background-color: rgb(0, 0, 0);\">\"</span><span style=\"background-color: rgb(0, 0, 0); color: rgb(128, 128, 128);\">&gt;&lt;/</span><span style=\"background-color: rgb(0, 0, 0); color: rgb(86, 156, 214);\">el-input</span><span style=\"background-color: rgb(0, 0, 0); color: rgb(128, 128, 128);\">&gt;</span></blockquote><blockquote><span style=\"background-color: rgb(0, 0, 0);\">&nbsp;&nbsp;&nbsp;&nbsp;&nbsp;&nbsp;&nbsp;&nbsp;&nbsp;&nbsp;</span><span style=\"background-color: rgb(0, 0, 0); color: rgb(128, 128, 128);\">&lt;/</span><span style=\"background-color: rgb(0, 0, 0); color: rgb(86, 156, 214);\">el-col</span><span style=\"background-color: rgb(0, 0, 0); color: rgb(128, 128, 128);\">&gt;</span></blockquote><blockquote><span style=\"background-color: rgb(0, 0, 0);\">&nbsp;&nbsp;&nbsp;&nbsp;&nbsp;&nbsp;&nbsp;&nbsp;</span><span style=\"background-color: rgb(0, 0, 0); color: rgb(128, 128, 128);\">&lt;/</span><span style=\"background-color: rgb(0, 0, 0); color: rgb(86, 156, 214);\">el-form-item</span><span style=\"background-color: rgb(0, 0, 0); color: rgb(128, 128, 128);\">&gt;</span></blockquote><blockquote><span style=\"background-color: rgb(0, 0, 0);\">&nbsp;&nbsp;&nbsp;&nbsp;&nbsp;&nbsp;&nbsp;&nbsp;</span><span style=\"background-color: rgb(0, 0, 0); color: rgb(128, 128, 128);\">&lt;</span><span style=\"background-color: rgb(0, 0, 0); color: rgb(86, 156, 214);\">el-form-item</span><span style=\"background-color: rgb(0, 0, 0);\">&nbsp;</span><span style=\"background-color: rgb(0, 0, 0); color: rgb(156, 220, 254);\">label</span><span style=\"background-color: rgb(0, 0, 0);\">=</span><span style=\"background-color: rgb(0, 0, 0); color: rgb(206, 145, 120);\">\"类型\"</span><span style=\"background-color: rgb(0, 0, 0); color: rgb(128, 128, 128);\">&gt;</span></blockquote><blockquote><span style=\"background-color: rgb(0, 0, 0);\">&nbsp;&nbsp;&nbsp;&nbsp;&nbsp;&nbsp;&nbsp;&nbsp;&nbsp;&nbsp;</span><span style=\"background-color: rgb(0, 0, 0); color: rgb(128, 128, 128);\">&lt;</span><span style=\"background-color: rgb(0, 0, 0); color: rgb(86, 156, 214);\">el-col</span><span style=\"background-color: rgb(0, 0, 0);\">&nbsp;:</span><span style=\"background-color: rgb(0, 0, 0); color: rgb(156, 220, 254);\">span</span><span style=\"background-color: rgb(0, 0, 0);\">=\"</span><span style=\"background-color: rgb(0, 0, 0); color: rgb(181, 206, 168);\">3</span><span style=\"background-color: rgb(0, 0, 0);\">\"</span><span style=\"background-color: rgb(0, 0, 0); color: rgb(128, 128, 128);\">&gt;</span></blockquote><blockquote><span style=\"background-color: rgb(0, 0, 0);\">&nbsp;&nbsp;&nbsp;&nbsp;&nbsp;&nbsp;&nbsp;&nbsp;&nbsp;&nbsp;&nbsp;&nbsp;</span><span style=\"background-color: rgb(0, 0, 0); color: rgb(128, 128, 128);\">&lt;</span><span style=\"background-color: rgb(0, 0, 0); color: rgb(86, 156, 214);\">el-input</span><span style=\"background-color: rgb(0, 0, 0);\">&nbsp;</span><span style=\"background-color: rgb(0, 0, 0); color: rgb(156, 220, 254);\">v-model</span><span style=\"background-color: rgb(0, 0, 0);\">=\"</span><span style=\"background-color: rgb(0, 0, 0); color: rgb(156, 220, 254);\">article</span><span style=\"background-color: rgb(0, 0, 0);\">.</span><span style=\"background-color: rgb(0, 0, 0); color: rgb(156, 220, 254);\">type</span><span style=\"background-color: rgb(0, 0, 0);\">\"</span><span style=\"background-color: rgb(0, 0, 0); color: rgb(128, 128, 128);\">&gt;&lt;/</span><span style=\"background-color: rgb(0, 0, 0); color: rgb(86, 156, 214);\">el-input</span><span style=\"background-color: rgb(0, 0, 0); color: rgb(128, 128, 128);\">&gt;</span></blockquote><blockquote><span style=\"background-color: rgb(0, 0, 0);\">&nbsp;&nbsp;&nbsp;&nbsp;&nbsp;&nbsp;&nbsp;&nbsp;&nbsp;&nbsp;</span><span style=\"background-color: rgb(0, 0, 0); color: rgb(128, 128, 128);\">&lt;/</span><span style=\"background-color: rgb(0, 0, 0); color: rgb(86, 156, 214);\">el-col</span><span style=\"background-color: rgb(0, 0, 0); color: rgb(128, 128, 128);\">&gt;</span></blockquote><blockquote><span style=\"background-color: rgb(0, 0, 0);\">&nbsp;&nbsp;&nbsp;&nbsp;&nbsp;&nbsp;&nbsp;&nbsp;</span><span style=\"background-color: rgb(0, 0, 0); color: rgb(128, 128, 128);\">&lt;/</span><span style=\"background-color: rgb(0, 0, 0); color: rgb(86, 156, 214);\">el-form-item</span><span style=\"background-color: rgb(0, 0, 0); color: rgb(128, 128, 128);\">&gt;</span></blockquote><blockquote><span style=\"background-color: rgb(0, 0, 0);\">&nbsp;&nbsp;&nbsp;&nbsp;&nbsp;&nbsp;&nbsp;&nbsp;</span><span style=\"background-color: rgb(0, 0, 0); color: rgb(128, 128, 128);\">&lt;</span><span style=\"background-color: rgb(0, 0, 0); color: rgb(86, 156, 214);\">el-form-item</span><span style=\"background-color: rgb(0, 0, 0);\">&nbsp;</span><span style=\"background-color: rgb(0, 0, 0); color: rgb(156, 220, 254);\">label</span><span style=\"background-color: rgb(0, 0, 0);\">=</span><span style=\"background-color: rgb(0, 0, 0); color: rgb(206, 145, 120);\">\"作者\"</span><span style=\"background-color: rgb(0, 0, 0); color: rgb(128, 128, 128);\">&gt;</span></blockquote><blockquote><span style=\"background-color: rgb(0, 0, 0);\">&nbsp;&nbsp;&nbsp;&nbsp;&nbsp;&nbsp;&nbsp;&nbsp;&nbsp;&nbsp;</span><span style=\"background-color: rgb(0, 0, 0); color: rgb(128, 128, 128);\">&lt;</span><span style=\"background-color: rgb(0, 0, 0); color: rgb(86, 156, 214);\">el-col</span><span style=\"background-color: rgb(0, 0, 0);\">&nbsp;:</span><span style=\"background-color: rgb(0, 0, 0); color: rgb(156, 220, 254);\">span</span><span style=\"background-color: rgb(0, 0, 0);\">=\"</span><span style=\"background-color: rgb(0, 0, 0); color: rgb(181, 206, 168);\">5</span><span style=\"background-color: rgb(0, 0, 0);\">\"</span><span style=\"background-color: rgb(0, 0, 0); color: rgb(128, 128, 128);\">&gt;</span></blockquote><blockquote><span style=\"background-color: rgb(0, 0, 0);\">&nbsp;&nbsp;&nbsp;&nbsp;&nbsp;&nbsp;&nbsp;&nbsp;&nbsp;&nbsp;&nbsp;&nbsp;</span><span style=\"background-color: rgb(0, 0, 0); color: rgb(128, 128, 128);\">&lt;</span><span style=\"background-color: rgb(0, 0, 0); color: rgb(86, 156, 214);\">el-input</span><span style=\"background-color: rgb(0, 0, 0);\">&nbsp;</span><span style=\"background-color: rgb(0, 0, 0); color: rgb(156, 220, 254);\">v-model</span><span style=\"background-color: rgb(0, 0, 0);\">=\"</span><span style=\"background-color: rgb(0, 0, 0); color: rgb(156, 220, 254);\">article</span><span style=\"background-color: rgb(0, 0, 0);\">.</span><span style=\"background-color: rgb(0, 0, 0); color: rgb(156, 220, 254);\">author</span><span style=\"background-color: rgb(0, 0, 0);\">\"</span><span style=\"background-color: rgb(0, 0, 0); color: rgb(128, 128, 128);\">&gt;&lt;/</span><span style=\"background-color: rgb(0, 0, 0); color: rgb(86, 156, 214);\">el-input</span><span style=\"background-color: rgb(0, 0, 0); color: rgb(128, 128, 128);\">&gt;</span></blockquote><blockquote><span style=\"background-color: rgb(0, 0, 0);\">&nbsp;&nbsp;&nbsp;&nbsp;&nbsp;&nbsp;&nbsp;&nbsp;&nbsp;&nbsp;</span><span style=\"background-color: rgb(0, 0, 0); color: rgb(128, 128, 128);\">&lt;/</span><span style=\"background-color: rgb(0, 0, 0); color: rgb(86, 156, 214);\">el-col</span><span style=\"background-color: rgb(0, 0, 0); color: rgb(128, 128, 128);\">&gt;</span></blockquote><blockquote><span style=\"background-color: rgb(0, 0, 0);\">&nbsp;&nbsp;&nbsp;&nbsp;&nbsp;&nbsp;&nbsp;&nbsp;</span><span style=\"background-color: rgb(0, 0, 0); color: rgb(128, 128, 128);\">&lt;/</span><span style=\"background-color: rgb(0, 0, 0); color: rgb(86, 156, 214);\">el-form-item</span><span style=\"background-color: rgb(0, 0, 0); color: rgb(128, 128, 128);\">&gt;</span></blockquote><blockquote><span style=\"background-color: rgb(0, 0, 0);\">&nbsp;&nbsp;&nbsp;&nbsp;&nbsp;&nbsp;&nbsp;&nbsp;</span><span style=\"background-color: rgb(0, 0, 0); color: rgb(128, 128, 128);\">&lt;</span><span style=\"background-color: rgb(0, 0, 0); color: rgb(86, 156, 214);\">el-form-item</span><span style=\"background-color: rgb(0, 0, 0);\">&nbsp;</span><span style=\"background-color: rgb(0, 0, 0); color: rgb(156, 220, 254);\">label</span><span style=\"background-color: rgb(0, 0, 0);\">=</span><span style=\"background-color: rgb(0, 0, 0); color: rgb(206, 145, 120);\">\"封面\"</span><span style=\"background-color: rgb(0, 0, 0); color: rgb(128, 128, 128);\">&gt;</span></blockquote><blockquote><span style=\"background-color: rgb(0, 0, 0);\">&nbsp;&nbsp;&nbsp;&nbsp;&nbsp;&nbsp;&nbsp;&nbsp;&nbsp;&nbsp;</span><span style=\"background-color: rgb(0, 0, 0); color: rgb(128, 128, 128);\">&lt;</span><span style=\"background-color: rgb(0, 0, 0); color: rgb(86, 156, 214);\">el-upload</span></blockquote><blockquote><span style=\"background-color: rgb(0, 0, 0);\">&nbsp;&nbsp;&nbsp;&nbsp;&nbsp;&nbsp;&nbsp;&nbsp;&nbsp;&nbsp;&nbsp;&nbsp;</span><span style=\"background-color: rgb(0, 0, 0); color: rgb(156, 220, 254);\">action</span><span style=\"background-color: rgb(0, 0, 0);\">=</span><span style=\"background-color: rgb(0, 0, 0); color: rgb(206, 145, 120);\">\"\"</span></blockquote><blockquote><span style=\"background-color: rgb(0, 0, 0);\">&nbsp;&nbsp;&nbsp;&nbsp;&nbsp;&nbsp;&nbsp;&nbsp;&nbsp;&nbsp;&nbsp;&nbsp;</span><span style=\"background-color: rgb(0, 0, 0); color: rgb(156, 220, 254);\">list-type</span><span style=\"background-color: rgb(0, 0, 0);\">=</span><span style=\"background-color: rgb(0, 0, 0); color: rgb(206, 145, 120);\">\"picture-card\"</span></blockquote><blockquote><span style=\"background-color: rgb(0, 0, 0);\">&nbsp;&nbsp;&nbsp;&nbsp;&nbsp;&nbsp;&nbsp;&nbsp;&nbsp;&nbsp;&nbsp;&nbsp;:</span><span style=\"background-color: rgb(0, 0, 0); color: rgb(156, 220, 254);\">on-preview</span><span style=\"background-color: rgb(0, 0, 0);\">=\"</span><span style=\"background-color: rgb(0, 0, 0); color: rgb(156, 220, 254);\">handlePictureCardPreview</span><span style=\"background-color: rgb(0, 0, 0);\">\"</span></blockquote><blockquote><span style=\"background-color: rgb(0, 0, 0);\">&nbsp;&nbsp;&nbsp;&nbsp;&nbsp;&nbsp;&nbsp;&nbsp;&nbsp;&nbsp;&nbsp;&nbsp;:</span><span style=\"background-color: rgb(0, 0, 0); color: rgb(156, 220, 254);\">on-exceed</span><span style=\"background-color: rgb(0, 0, 0);\">=\"</span><span style=\"background-color: rgb(0, 0, 0); color: rgb(156, 220, 254);\">changeFile</span><span style=\"background-color: rgb(0, 0, 0);\">\"</span></blockquote><blockquote><span style=\"background-color: rgb(0, 0, 0);\">&nbsp;&nbsp;&nbsp;&nbsp;&nbsp;&nbsp;&nbsp;&nbsp;&nbsp;&nbsp;&nbsp;&nbsp;:</span><span style=\"background-color: rgb(0, 0, 0); color: rgb(156, 220, 254);\">multiple</span><span style=\"background-color: rgb(0, 0, 0);\">=false</span></blockquote><blockquote><span style=\"background-color: rgb(0, 0, 0);\">&nbsp;&nbsp;&nbsp;&nbsp;&nbsp;&nbsp;&nbsp;&nbsp;&nbsp;&nbsp;&nbsp;&nbsp;:</span><span style=\"background-color: rgb(0, 0, 0); color: rgb(156, 220, 254);\">limit</span><span style=\"background-color: rgb(0, 0, 0);\">=1</span></blockquote><blockquote><span style=\"background-color: rgb(0, 0, 0);\">&nbsp;&nbsp;&nbsp;&nbsp;&nbsp;&nbsp;&nbsp;&nbsp;&nbsp;&nbsp;&nbsp;&nbsp;:</span><span style=\"background-color: rgb(0, 0, 0); color: rgb(156, 220, 254);\">file-list</span><span style=\"background-color: rgb(0, 0, 0);\">=\"</span><span style=\"background-color: rgb(0, 0, 0); color: rgb(156, 220, 254);\">fileList</span><span style=\"background-color: rgb(0, 0, 0);\">\"</span></blockquote><blockquote><span style=\"background-color: rgb(0, 0, 0);\">&nbsp;&nbsp;&nbsp;&nbsp;&nbsp;&nbsp;&nbsp;&nbsp;&nbsp;&nbsp;&nbsp;&nbsp;:</span><span style=\"background-color: rgb(0, 0, 0); color: rgb(156, 220, 254);\">auto-upload</span><span style=\"background-color: rgb(0, 0, 0);\">=\"</span><span style=\"background-color: rgb(0, 0, 0); color: rgb(86, 156, 214);\">false</span><span style=\"background-color: rgb(0, 0, 0);\">\"</span></blockquote><blockquote><span style=\"background-color: rgb(0, 0, 0);\">&nbsp;&nbsp;&nbsp;&nbsp;&nbsp;&nbsp;&nbsp;&nbsp;&nbsp;&nbsp;&nbsp;&nbsp;</span><span style=\"background-color: rgb(0, 0, 0); color: rgb(128, 128, 128);\">&gt;</span></blockquote><blockquote><span style=\"background-color: rgb(0, 0, 0);\">&nbsp;&nbsp;&nbsp;&nbsp;&nbsp;&nbsp;&nbsp;&nbsp;&nbsp;&nbsp;&nbsp;&nbsp;</span><span style=\"background-color: rgb(0, 0, 0); color: rgb(128, 128, 128);\">&lt;</span><span style=\"background-color: rgb(0, 0, 0); color: rgb(86, 156, 214);\">i</span><span style=\"background-color: rgb(0, 0, 0);\">&nbsp;</span><span style=\"background-color: rgb(0, 0, 0); color: rgb(156, 220, 254);\">class</span><span style=\"background-color: rgb(0, 0, 0);\">=</span><span style=\"background-color: rgb(0, 0, 0); color: rgb(206, 145, 120);\">\"el-icon-plus\"</span><span style=\"background-color: rgb(0, 0, 0); color: rgb(128, 128, 128);\">&gt;&lt;/</span><span style=\"background-color: rgb(0, 0, 0); color: rgb(86, 156, 214);\">i</span><span style=\"background-color: rgb(0, 0, 0); color: rgb(128, 128, 128);\">&gt;</span></blockquote><blockquote><span style=\"background-color: rgb(0, 0, 0);\">&nbsp;&nbsp;&nbsp;&nbsp;&nbsp;&nbsp;&nbsp;&nbsp;&nbsp;&nbsp;</span><span style=\"background-color: rgb(0, 0, 0); color: rgb(128, 128, 128);\">&lt;/</span><span style=\"background-color: rgb(0, 0, 0); color: rgb(86, 156, 214);\">el-upload</span><span style=\"background-color: rgb(0, 0, 0); color: rgb(128, 128, 128);\">&gt;</span></blockquote><blockquote><span style=\"background-color: rgb(0, 0, 0);\">&nbsp;&nbsp;&nbsp;&nbsp;&nbsp;&nbsp;&nbsp;&nbsp;&nbsp;&nbsp;</span><span style=\"background-color: rgb(0, 0, 0); color: rgb(128, 128, 128);\">&lt;</span><span style=\"background-color: rgb(0, 0, 0); color: rgb(86, 156, 214);\">el-dialog</span><span style=\"background-color: rgb(0, 0, 0);\">&nbsp;:</span><span style=\"background-color: rgb(0, 0, 0); color: rgb(156, 220, 254);\">visible</span><span style=\"background-color: rgb(0, 0, 0);\">.</span><span style=\"background-color: rgb(0, 0, 0); color: rgb(156, 220, 254);\">sync</span><span style=\"background-color: rgb(0, 0, 0);\">=\"</span><span style=\"background-color: rgb(0, 0, 0); color: rgb(156, 220, 254);\">imgDialogVisible</span><span style=\"background-color: rgb(0, 0, 0);\">\"</span><span style=\"background-color: rgb(0, 0, 0); color: rgb(128, 128, 128);\">&gt;</span></blockquote><blockquote><span style=\"background-color: rgb(0, 0, 0);\">&nbsp;&nbsp;&nbsp;&nbsp;&nbsp;&nbsp;&nbsp;&nbsp;&nbsp;&nbsp;&nbsp;&nbsp;</span><span style=\"background-color: rgb(0, 0, 0); color: rgb(128, 128, 128);\">&lt;</span><span style=\"background-color: rgb(0, 0, 0); color: rgb(86, 156, 214);\">img</span><span style=\"background-color: rgb(0, 0, 0);\">&nbsp;</span><span style=\"background-color: rgb(0, 0, 0); color: rgb(156, 220, 254);\">width</span><span style=\"background-color: rgb(0, 0, 0);\">=</span><span style=\"background-color: rgb(0, 0, 0); color: rgb(206, 145, 120);\">\"100%\"</span><span style=\"background-color: rgb(0, 0, 0);\">&nbsp;:</span><span style=\"background-color: rgb(0, 0, 0); color: rgb(156, 220, 254);\">src</span><span style=\"background-color: rgb(0, 0, 0);\">=\"</span><span style=\"background-color: rgb(0, 0, 0); color: rgb(156, 220, 254);\">imgDialogImageUrl</span><span style=\"background-color: rgb(0, 0, 0);\">\"&nbsp;</span><span style=\"background-color: rgb(0, 0, 0); color: rgb(156, 220, 254);\">alt</span><span style=\"background-color: rgb(0, 0, 0);\">=</span><span style=\"background-color: rgb(0, 0, 0); color: rgb(206, 145, 120);\">\"\"</span><span style=\"background-color: rgb(0, 0, 0); color: rgb(128, 128, 128);\">&gt;</span></blockquote><blockquote><span style=\"background-color: rgb(0, 0, 0);\">&nbsp;&nbsp;&nbsp;&nbsp;&nbsp;&nbsp;&nbsp;&nbsp;&nbsp;&nbsp;</span><span style=\"background-color: rgb(0, 0, 0); color: rgb(128, 128, 128);\">&lt;/</span><span style=\"background-color: rgb(0, 0, 0); color: rgb(86, 156, 214);\">el-dialog</span><span style=\"background-color: rgb(0, 0, 0); color: rgb(128, 128, 128);\">&gt;</span></blockquote><blockquote><span style=\"background-color: rgb(0, 0, 0);\">&nbsp;&nbsp;&nbsp;&nbsp;&nbsp;&nbsp;&nbsp;&nbsp;</span><span style=\"background-color: rgb(0, 0, 0); color: rgb(128, 128, 128);\">&lt;/</span><span style=\"background-color: rgb(0, 0, 0); color: rgb(86, 156, 214);\">el-form-item</span><span style=\"background-color: rgb(0, 0, 0); color: rgb(128, 128, 128);\">&gt;</span></blockquote><blockquote><span style=\"background-color: rgb(0, 0, 0);\">&nbsp;&nbsp;&nbsp;&nbsp;&nbsp;&nbsp;&nbsp;&nbsp;&nbsp;</span><span style=\"background-color: rgb(0, 0, 0); color: rgb(128, 128, 128);\">&lt;</span><span style=\"background-color: rgb(0, 0, 0); color: rgb(86, 156, 214);\">el-form-item</span><span style=\"background-color: rgb(0, 0, 0);\">&nbsp;</span><span style=\"background-color: rgb(0, 0, 0); color: rgb(156, 220, 254);\">label</span><span style=\"background-color: rgb(0, 0, 0);\">=</span><span style=\"background-color: rgb(0, 0, 0); color: rgb(206, 145, 120);\">\"发布时间\"</span><span style=\"background-color: rgb(0, 0, 0); color: rgb(128, 128, 128);\">&gt;</span></blockquote><blockquote><span style=\"background-color: rgb(0, 0, 0);\">&nbsp;&nbsp;&nbsp;&nbsp;&nbsp;&nbsp;&nbsp;&nbsp;&nbsp;&nbsp;</span><span style=\"background-color: rgb(0, 0, 0); color: rgb(128, 128, 128);\">&lt;</span><span style=\"background-color: rgb(0, 0, 0); color: rgb(86, 156, 214);\">el-col</span><span style=\"background-color: rgb(0, 0, 0);\">&nbsp;:</span><span style=\"background-color: rgb(0, 0, 0); color: rgb(156, 220, 254);\">span</span><span style=\"background-color: rgb(0, 0, 0);\">=\"</span><span style=\"background-color: rgb(0, 0, 0); color: rgb(181, 206, 168);\">5</span><span style=\"background-color: rgb(0, 0, 0);\">\"</span><span style=\"background-color: rgb(0, 0, 0); color: rgb(128, 128, 128);\">&gt;</span></blockquote><blockquote><span style=\"background-color: rgb(0, 0, 0);\">&nbsp;&nbsp;&nbsp;&nbsp;&nbsp;&nbsp;&nbsp;&nbsp;&nbsp;&nbsp;&nbsp;&nbsp;</span><span style=\"background-color: rgb(0, 0, 0); color: rgb(128, 128, 128);\">&lt;</span><span style=\"background-color: rgb(0, 0, 0); color: rgb(86, 156, 214);\">el-input</span><span style=\"background-color: rgb(0, 0, 0);\">&nbsp;:</span><span style=\"background-color: rgb(0, 0, 0); color: rgb(156, 220, 254);\">disabled</span><span style=\"background-color: rgb(0, 0, 0);\">=true&nbsp;</span><span style=\"background-color: rgb(0, 0, 0); color: rgb(156, 220, 254);\">v-model</span><span style=\"background-color: rgb(0, 0, 0);\">=\"</span><span style=\"background-color: rgb(0, 0, 0); color: rgb(156, 220, 254);\">article</span><span style=\"background-color: rgb(0, 0, 0);\">.</span><span style=\"background-color: rgb(0, 0, 0); color: rgb(156, 220, 254);\">createDate</span><span style=\"background-color: rgb(0, 0, 0);\">\"</span><span style=\"background-color: rgb(0, 0, 0); color: rgb(128, 128, 128);\">&gt;&lt;/</span><span style=\"background-color: rgb(0, 0, 0); color: rgb(86, 156, 214);\">el-input</span><span style=\"background-color: rgb(0, 0, 0); color: rgb(128, 128, 128);\">&gt;</span></blockquote><blockquote><span style=\"background-color: rgb(0, 0, 0);\">&nbsp;&nbsp;&nbsp;&nbsp;&nbsp;&nbsp;&nbsp;&nbsp;&nbsp;&nbsp;</span><span style=\"background-color: rgb(0, 0, 0); color: rgb(128, 128, 128);\">&lt;/</span><span style=\"background-color: rgb(0, 0, 0); color: rgb(86, 156, 214);\">el-col</span><span style=\"background-color: rgb(0, 0, 0); color: rgb(128, 128, 128);\">&gt;</span></blockquote><blockquote><span style=\"background-color: rgb(0, 0, 0);\">&nbsp;&nbsp;&nbsp;&nbsp;&nbsp;&nbsp;&nbsp;&nbsp;</span><span style=\"background-color: rgb(0, 0, 0); color: rgb(128, 128, 128);\">&lt;/</span><span style=\"background-color: rgb(0, 0, 0); color: rgb(86, 156, 214);\">el-form-item</span><span style=\"background-color: rgb(0, 0, 0); color: rgb(128, 128, 128);\">&gt;</span></blockquote><blockquote><span style=\"background-color: rgb(0, 0, 0);\">&nbsp;&nbsp;&nbsp;&nbsp;&nbsp;&nbsp;&nbsp;&nbsp;</span><span style=\"background-color: rgb(0, 0, 0); color: rgb(128, 128, 128);\">&lt;</span><span style=\"background-color: rgb(0, 0, 0); color: rgb(86, 156, 214);\">el-form-item</span><span style=\"background-color: rgb(0, 0, 0);\">&nbsp;</span><span style=\"background-color: rgb(0, 0, 0); color: rgb(156, 220, 254);\">label</span><span style=\"background-color: rgb(0, 0, 0);\">=</span><span style=\"background-color: rgb(0, 0, 0); color: rgb(206, 145, 120);\">\"内容\"</span><span style=\"background-color: rgb(0, 0, 0); color: rgb(128, 128, 128);\">&gt;</span></blockquote><blockquote><span style=\"background-color: rgb(0, 0, 0);\">&nbsp;&nbsp;&nbsp;&nbsp;&nbsp;&nbsp;&nbsp;&nbsp;&nbsp;&nbsp;</span><span style=\"background-color: rgb(0, 0, 0); color: rgb(128, 128, 128);\">&lt;</span><span style=\"background-color: rgb(0, 0, 0); color: rgb(86, 156, 214);\">quill-editor</span><span style=\"background-color: rgb(0, 0, 0);\">&nbsp;</span><span style=\"background-color: rgb(0, 0, 0); color: rgb(156, 220, 254);\">ref</span><span style=\"background-color: rgb(0, 0, 0);\">=</span><span style=\"background-color: rgb(0, 0, 0); color: rgb(206, 145, 120);\">\"text\"</span></blockquote><blockquote><span style=\"background-color: rgb(0, 0, 0);\">&nbsp;&nbsp;&nbsp;&nbsp;&nbsp;&nbsp;&nbsp;&nbsp;&nbsp;&nbsp;&nbsp;&nbsp;&nbsp;&nbsp;&nbsp;&nbsp;&nbsp;&nbsp;&nbsp;&nbsp;&nbsp;&nbsp;&nbsp;&nbsp;</span><span style=\"background-color: rgb(0, 0, 0); color: rgb(156, 220, 254);\">v-model</span><span style=\"background-color: rgb(0, 0, 0);\">=\"</span><span style=\"background-color: rgb(0, 0, 0); color: rgb(156, 220, 254);\">article</span><span style=\"background-color: rgb(0, 0, 0);\">.</span><span style=\"background-color: rgb(0, 0, 0); color: rgb(156, 220, 254);\">content</span><span style=\"background-color: rgb(0, 0, 0);\">\"</span></blockquote><blockquote><span style=\"background-color: rgb(0, 0, 0);\">&nbsp;&nbsp;&nbsp;&nbsp;&nbsp;&nbsp;&nbsp;&nbsp;&nbsp;&nbsp;&nbsp;&nbsp;&nbsp;&nbsp;&nbsp;&nbsp;&nbsp;&nbsp;&nbsp;&nbsp;&nbsp;&nbsp;&nbsp;&nbsp;</span><span style=\"background-color: rgb(0, 0, 0); color: rgb(156, 220, 254);\">class</span><span style=\"background-color: rgb(0, 0, 0);\">=</span><span style=\"background-color: rgb(0, 0, 0); color: rgb(206, 145, 120);\">\"myQuillEditor\"</span></blockquote><blockquote><span style=\"background-color: rgb(0, 0, 0);\">&nbsp;&nbsp;&nbsp;&nbsp;&nbsp;&nbsp;&nbsp;&nbsp;&nbsp;&nbsp;&nbsp;&nbsp;&nbsp;&nbsp;&nbsp;&nbsp;&nbsp;&nbsp;&nbsp;&nbsp;&nbsp;&nbsp;&nbsp;&nbsp;:</span><span style=\"background-color: rgb(0, 0, 0); color: rgb(156, 220, 254);\">aria-disabled</span><span style=\"background-color: rgb(0, 0, 0);\">=\"</span><span style=\"background-color: rgb(0, 0, 0); color: rgb(86, 156, 214);\">false</span><span style=\"background-color: rgb(0, 0, 0);\">\"</span></blockquote><blockquote><span style=\"background-color: rgb(0, 0, 0);\">&nbsp;&nbsp;&nbsp;&nbsp;&nbsp;&nbsp;&nbsp;&nbsp;&nbsp;&nbsp;/</span><span style=\"background-color: rgb(0, 0, 0); color: rgb(128, 128, 128);\">&gt;</span></blockquote><blockquote><span style=\"background-color: rgb(0, 0, 0);\">&nbsp;&nbsp;&nbsp;&nbsp;&nbsp;&nbsp;&nbsp;&nbsp;</span><span style=\"background-color: rgb(0, 0, 0); color: rgb(128, 128, 128);\">&lt;/</span><span style=\"background-color: rgb(0, 0, 0); color: rgb(86, 156, 214);\">el-form-item</span><span style=\"background-color: rgb(0, 0, 0); color: rgb(128, 128, 128);\">&gt;</span></blockquote><blockquote><span style=\"background-color: rgb(0, 0, 0);\">&nbsp;&nbsp;&nbsp;&nbsp;&nbsp;&nbsp;&nbsp;&nbsp;</span><span style=\"background-color: rgb(0, 0, 0); color: rgb(128, 128, 128);\">&lt;</span><span style=\"background-color: rgb(0, 0, 0); color: rgb(86, 156, 214);\">el-form-item</span><span style=\"background-color: rgb(0, 0, 0);\">&nbsp;</span><span style=\"background-color: rgb(0, 0, 0); color: rgb(156, 220, 254);\">label</span><span style=\"background-color: rgb(0, 0, 0);\">=</span><span style=\"background-color: rgb(0, 0, 0); color: rgb(206, 145, 120);\">\"其他\"</span><span style=\"background-color: rgb(0, 0, 0); color: rgb(128, 128, 128);\">&gt;</span></blockquote><blockquote><span style=\"background-color: rgb(0, 0, 0);\">&nbsp;&nbsp;&nbsp;&nbsp;&nbsp;&nbsp;&nbsp;&nbsp;&nbsp;&nbsp;</span><span style=\"background-color: rgb(0, 0, 0); color: rgb(128, 128, 128);\">&lt;</span><span style=\"background-color: rgb(0, 0, 0); color: rgb(86, 156, 214);\">el-tag</span><span style=\"background-color: rgb(0, 0, 0); color: rgb(128, 128, 128);\">&gt;</span><span style=\"background-color: rgb(0, 0, 0);\">{{</span><span style=\"background-color: rgb(0, 0, 0); color: rgb(156, 220, 254);\">article</span><span style=\"background-color: rgb(0, 0, 0);\">.</span><span style=\"background-color: rgb(0, 0, 0); color: rgb(156, 220, 254);\">goodCount</span><span style=\"background-color: rgb(0, 0, 0);\">&nbsp;||&nbsp;</span><span style=\"background-color: rgb(0, 0, 0); color: rgb(181, 206, 168);\">0</span><span style=\"background-color: rgb(0, 0, 0);\">}}个点赞</span><span style=\"background-color: rgb(0, 0, 0); color: rgb(128, 128, 128);\">&lt;/</span><span style=\"background-color: rgb(0, 0, 0); color: rgb(86, 156, 214);\">el-tag</span><span style=\"background-color: rgb(0, 0, 0); color: rgb(128, 128, 128);\">&gt;</span></blockquote><blockquote><span style=\"background-color: rgb(0, 0, 0);\">&nbsp;&nbsp;&nbsp;&nbsp;&nbsp;&nbsp;&nbsp;&nbsp;&nbsp;&nbsp;</span><span style=\"background-color: rgb(0, 0, 0); color: rgb(128, 128, 128);\">&lt;</span><span style=\"background-color: rgb(0, 0, 0); color: rgb(86, 156, 214);\">el-tag</span><span style=\"background-color: rgb(0, 0, 0);\">&nbsp;</span><span style=\"background-color: rgb(0, 0, 0); color: rgb(156, 220, 254);\">type</span><span style=\"background-color: rgb(0, 0, 0);\">=</span><span style=\"background-color: rgb(0, 0, 0); color: rgb(206, 145, 120);\">\"success\"</span><span style=\"background-color: rgb(0, 0, 0); color: rgb(128, 128, 128);\">&gt;</span><span style=\"background-color: rgb(0, 0, 0);\">{{</span><span style=\"background-color: rgb(0, 0, 0); color: rgb(156, 220, 254);\">article</span><span style=\"background-color: rgb(0, 0, 0);\">.</span><span style=\"background-color: rgb(0, 0, 0); color: rgb(156, 220, 254);\">reviewCount</span><span style=\"background-color: rgb(0, 0, 0);\">&nbsp;||&nbsp;</span><span style=\"background-color: rgb(0, 0, 0); color: rgb(181, 206, 168);\">0</span><span style=\"background-color: rgb(0, 0, 0);\">}}条评论</span><span style=\"background-color: rgb(0, 0, 0); color: rgb(128, 128, 128);\">&lt;/</span><span style=\"background-color: rgb(0, 0, 0); color: rgb(86, 156, 214);\">el-tag</span><span style=\"background-color: rgb(0, 0, 0); color: rgb(128, 128, 128);\">&gt;</span></blockquote><blockquote><span style=\"background-color: rgb(0, 0, 0);\">&nbsp;&nbsp;&nbsp;&nbsp;&nbsp;&nbsp;&nbsp;&nbsp;&nbsp;&nbsp;</span><span style=\"background-color: rgb(0, 0, 0); color: rgb(128, 128, 128);\">&lt;</span><span style=\"background-color: rgb(0, 0, 0); color: rgb(86, 156, 214);\">el-tag</span><span style=\"background-color: rgb(0, 0, 0);\">&nbsp;</span><span style=\"background-color: rgb(0, 0, 0); color: rgb(156, 220, 254);\">type</span><span style=\"background-color: rgb(0, 0, 0);\">=</span><span style=\"background-color: rgb(0, 0, 0); color: rgb(206, 145, 120);\">\"info\"</span><span style=\"background-color: rgb(0, 0, 0); color: rgb(128, 128, 128);\">&gt;</span><span style=\"background-color: rgb(0, 0, 0);\">{{</span><span style=\"background-color: rgb(0, 0, 0); color: rgb(156, 220, 254);\">article</span><span style=\"background-color: rgb(0, 0, 0);\">.</span><span style=\"background-color: rgb(0, 0, 0); color: rgb(156, 220, 254);\">readCount</span><span style=\"background-color: rgb(0, 0, 0);\">||&nbsp;</span><span style=\"background-color: rgb(0, 0, 0); color: rgb(181, 206, 168);\">0</span><span style=\"background-color: rgb(0, 0, 0);\">}}人阅读</span><span style=\"background-color: rgb(0, 0, 0); color: rgb(128, 128, 128);\">&lt;/</span><span style=\"background-color: rgb(0, 0, 0); color: rgb(86, 156, 214);\">el-tag</span><span style=\"background-color: rgb(0, 0, 0); color: rgb(128, 128, 128);\">&gt;</span></blockquote><blockquote><span style=\"background-color: rgb(0, 0, 0);\">&nbsp;&nbsp;&nbsp;&nbsp;&nbsp;&nbsp;&nbsp;&nbsp;</span><span style=\"background-color: rgb(0, 0, 0); color: rgb(128, 128, 128);\">&lt;/</span><span style=\"background-color: rgb(0, 0, 0); color: rgb(86, 156, 214);\">el-form-item</span><span style=\"background-color: rgb(0, 0, 0); color: rgb(128, 128, 128);\">&gt;</span></blockquote><blockquote><span style=\"background-color: rgb(0, 0, 0);\">&nbsp;&nbsp;&nbsp;&nbsp;&nbsp;&nbsp;&nbsp;&nbsp;</span><span style=\"background-color: rgb(0, 0, 0); color: rgb(128, 128, 128);\">&lt;</span><span style=\"background-color: rgb(0, 0, 0); color: rgb(86, 156, 214);\">el-form-item</span><span style=\"background-color: rgb(0, 0, 0); color: rgb(128, 128, 128);\">&gt;</span></blockquote><blockquote><span style=\"background-color: rgb(0, 0, 0);\">&nbsp;&nbsp;&nbsp;&nbsp;&nbsp;&nbsp;&nbsp;&nbsp;&nbsp;&nbsp;</span><span style=\"background-color: rgb(0, 0, 0); color: rgb(128, 128, 128);\">&lt;</span><span style=\"background-color: rgb(0, 0, 0); color: rgb(86, 156, 214);\">el-button</span><span style=\"background-color: rgb(0, 0, 0);\">&nbsp;</span><span style=\"background-color: rgb(0, 0, 0); color: rgb(156, 220, 254);\">type</span><span style=\"background-color: rgb(0, 0, 0);\">=</span><span style=\"background-color: rgb(0, 0, 0); color: rgb(206, 145, 120);\">\"primary\"</span><span style=\"background-color: rgb(0, 0, 0);\">&nbsp;@</span><span style=\"background-color: rgb(0, 0, 0); color: rgb(156, 220, 254);\">click</span><span style=\"background-color: rgb(0, 0, 0);\">=\"</span><span style=\"background-color: rgb(0, 0, 0); color: rgb(156, 220, 254);\">onSubmit</span><span style=\"background-color: rgb(0, 0, 0);\">\"</span><span style=\"background-color: rgb(0, 0, 0); color: rgb(128, 128, 128);\">&gt;</span><span style=\"background-color: rgb(0, 0, 0);\">确定</span><span style=\"background-color: rgb(0, 0, 0); color: rgb(128, 128, 128);\">&lt;/</span><span style=\"background-color: rgb(0, 0, 0); color: rgb(86, 156, 214);\">el-button</span><span style=\"background-color: rgb(0, 0, 0); color: rgb(128, 128, 128);\">&gt;</span></blockquote><blockquote><span style=\"background-color: rgb(0, 0, 0);\">&nbsp;&nbsp;&nbsp;&nbsp;&nbsp;&nbsp;&nbsp;&nbsp;&nbsp;&nbsp;</span><span style=\"background-color: rgb(0, 0, 0); color: rgb(128, 128, 128);\">&lt;</span><span style=\"background-color: rgb(0, 0, 0); color: rgb(86, 156, 214);\">el-button</span><span style=\"background-color: rgb(0, 0, 0);\">&nbsp;@</span><span style=\"background-color: rgb(0, 0, 0); color: rgb(156, 220, 254);\">click</span><span style=\"background-color: rgb(0, 0, 0);\">=\"</span><span style=\"background-color: rgb(0, 0, 0); color: rgb(156, 220, 254);\">$router</span><span style=\"background-color: rgb(0, 0, 0);\">.</span><span style=\"background-color: rgb(0, 0, 0); color: rgb(220, 220, 170);\">replace</span><span style=\"background-color: rgb(0, 0, 0);\">(</span><span style=\"background-color: rgb(0, 0, 0); color: rgb(206, 145, 120);\">\'/articles\'</span><span style=\"background-color: rgb(0, 0, 0);\">)\"</span><span style=\"background-color: rgb(0, 0, 0); color: rgb(128, 128, 128);\">&gt;</span><span style=\"background-color: rgb(0, 0, 0);\">取消</span><span style=\"background-color: rgb(0, 0, 0); color: rgb(128, 128, 128);\">&lt;/</span><span style=\"background-color: rgb(0, 0, 0); color: rgb(86, 156, 214);\">el-button</span><span style=\"background-color: rgb(0, 0, 0); color: rgb(128, 128, 128);\">&gt;</span></blockquote><blockquote><span style=\"background-color: rgb(0, 0, 0);\">&nbsp;&nbsp;&nbsp;&nbsp;&nbsp;&nbsp;&nbsp;&nbsp;</span><span style=\"background-color: rgb(0, 0, 0); color: rgb(128, 128, 128);\">&lt;/</span><span style=\"background-color: rgb(0, 0, 0); color: rgb(86, 156, 214);\">el-form-item</span><span style=\"background-color: rgb(0, 0, 0); color: rgb(128, 128, 128);\">&gt;</span></blockquote><blockquote><span style=\"background-color: rgb(0, 0, 0);\">&nbsp;&nbsp;&nbsp;&nbsp;&nbsp;&nbsp;</span><span style=\"background-color: rgb(0, 0, 0); color: rgb(128, 128, 128);\">&lt;/</span><span style=\"background-color: rgb(0, 0, 0); color: rgb(86, 156, 214);\">el-form</span><span style=\"background-color: rgb(0, 0, 0); color: rgb(128, 128, 128);\">&gt;</span></blockquote>', 0, 2, 0, '2021-10-05 14:33:08');
INSERT INTO `articles` VALUES (17, 'java', '发布的测试文章', '等鱼', '/upload/abeccc28075cab65b8fbfcc9247b4316.png', '<p><img src=\"data:image/png;base64,iVBORw0KGgoAAAANSUhEUgAAAMgAAADICAYAAACtWK6eAAAACXBIWXMAAAsTAAALEwEAmpwYAAAIk2lUWHRYTUw6Y29tLmFkb2JlLnhtcAAAAAAAPD94cGFja2V0IGJlZ2luPSLvu78iIGlkPSJXNU0wTXBDZWhpSHpyZVN6TlRjemtjOWQiPz4gPHg6eG1wbWV0YSB4bWxuczp4PSJhZG9iZTpuczptZXRhLyIgeDp4bXB0az0iQWRvYmUgWE1QIENvcmUgNS42LWMxNDUgNzkuMTYzNDk5LCAyMDE4LzA4LzEzLTE2OjQwOjIyICAgICAgICAiPiA8cmRmOlJERiB4bWxuczpyZGY9Imh0dHA6Ly93d3cudzMub3JnLzE5OTkvMDIvMjItcmRmLXN5bnRheC1ucyMiPiA8cmRmOkRlc2NyaXB0aW9uIHJkZjphYm91dD0iIiB4bWxuczp4bXA9Imh0dHA6Ly9ucy5hZG9iZS5jb20veGFwLzEuMC8iIHhtbG5zOmRjPSJodHRwOi8vcHVybC5vcmcvZGMvZWxlbWVudHMvMS4xLyIgeG1sbnM6eG1wTU09Imh0dHA6Ly9ucy5hZG9iZS5jb20veGFwLzEuMC9tbS8iIHhtbG5zOnN0RXZ0PSJodHRwOi8vbnMuYWRvYmUuY29tL3hhcC8xLjAvc1R5cGUvUmVzb3VyY2VFdmVudCMiIHhtbG5zOnN0UmVmPSJodHRwOi8vbnMuYWRvYmUuY29tL3hhcC8xLjAvc1R5cGUvUmVzb3VyY2VSZWYjIiB4bWxuczpwaG90b3Nob3A9Imh0dHA6Ly9ucy5hZG9iZS5jb20vcGhvdG9zaG9wLzEuMC8iIHhtcDpDcmVhdG9yVG9vbD0iQWRvYmUgUGhvdG9zaG9wIENDIDIwMTkgKFdpbmRvd3MpIiB4bXA6Q3JlYXRlRGF0ZT0iMjAyMS0wOS0wOFQxMTo0ODozNiswODowMCIgeG1wOk1ldGFkYXRhRGF0ZT0iMjAyMS0wOS0wOFQxMTo0ODo0NyswODowMCIgeG1wOk1vZGlmeURhdGU9IjIwMjEtMDktMDhUMTE6NDg6NDcrMDg6MDAiIGRjOmZvcm1hdD0iaW1hZ2UvcG5nIiB4bXBNTTpJbnN0YW5jZUlEPSJ4bXAuaWlkOjM2MzA4YmQ5LTNjZDQtYTM0My04MmRmLTM0Nzc4ZWRjZGFlNyIgeG1wTU06RG9jdW1lbnRJRD0iYWRvYmU6ZG9jaWQ6cGhvdG9zaG9wOjhkN2I0Njk4LTIyZjEtZjg0OC1iMDU3LTYzOWZjYmU3NjZmYSIgeG1wTU06T3JpZ2luYWxEb2N1bWVudElEPSJ4bXAuZGlkOmMyNGUxYWRmLWMwZTAtNzI0OS05NGQwLWNhZGJlNTdjNjM3ZCIgcGhvdG9zaG9wOkNvbG9yTW9kZT0iMyI+IDx4bXBNTTpIaXN0b3J5PiA8cmRmOlNlcT4gPHJkZjpsaSBzdEV2dDphY3Rpb249ImNyZWF0ZWQiIHN0RXZ0Omluc3RhbmNlSUQ9InhtcC5paWQ6YzI0ZTFhZGYtYzBlMC03MjQ5LTk0ZDAtY2FkYmU1N2M2MzdkIiBzdEV2dDp3aGVuPSIyMDIxLTA5LTA4VDExOjQ4OjM2KzA4OjAwIiBzdEV2dDpzb2Z0d2FyZUFnZW50PSJBZG9iZSBQaG90b3Nob3AgQ0MgMjAxOSAoV2luZG93cykiLz4gPHJkZjpsaSBzdEV2dDphY3Rpb249InNhdmVkIiBzdEV2dDppbnN0YW5jZUlEPSJ4bXAuaWlkOmIwY2IzYjUzLTAwMTgtMzM0OC1iY2I3LWI1NjFiMGFjYWMzOSIgc3RFdnQ6d2hlbj0iMjAyMS0wOS0wOFQxMTo0ODo0NyswODowMCIgc3RFdnQ6c29mdHdhcmVBZ2VudD0iQWRvYmUgUGhvdG9zaG9wIENDIDIwMTkgKFdpbmRvd3MpIiBzdEV2dDpjaGFuZ2VkPSIvIi8+IDxyZGY6bGkgc3RFdnQ6YWN0aW9uPSJjb252ZXJ0ZWQiIHN0RXZ0OnBhcmFtZXRlcnM9ImZyb20gYXBwbGljYXRpb24vdm5kLmFkb2JlLnBob3Rvc2hvcCB0byBpbWFnZS9wbmciLz4gPHJkZjpsaSBzdEV2dDphY3Rpb249ImRlcml2ZWQiIHN0RXZ0OnBhcmFtZXRlcnM9ImNvbnZlcnRlZCBmcm9tIGFwcGxpY2F0aW9uL3ZuZC5hZG9iZS5waG90b3Nob3AgdG8gaW1hZ2UvcG5nIi8+IDxyZGY6bGkgc3RFdnQ6YWN0aW9uPSJzYXZlZCIgc3RFdnQ6aW5zdGFuY2VJRD0ieG1wLmlpZDozNjMwOGJkOS0zY2Q0LWEzNDMtODJkZi0zNDc3OGVkY2RhZTciIHN0RXZ0OndoZW49IjIwMjEtMDktMDhUMTE6NDg6NDcrMDg6MDAiIHN0RXZ0OnNvZnR3YXJlQWdlbnQ9IkFkb2JlIFBob3Rvc2hvcCBDQyAyMDE5IChXaW5kb3dzKSIgc3RFdnQ6Y2hhbmdlZD0iLyIvPiA8L3JkZjpTZXE+IDwveG1wTU06SGlzdG9yeT4gPHhtcE1NOkRlcml2ZWRGcm9tIHN0UmVmOmluc3RhbmNlSUQ9InhtcC5paWQ6YjBjYjNiNTMtMDAxOC0zMzQ4LWJjYjctYjU2MWIwYWNhYzM5IiBzdFJlZjpkb2N1bWVudElEPSJ4bXAuZGlkOmMyNGUxYWRmLWMwZTAtNzI0OS05NGQwLWNhZGJlNTdjNjM3ZCIgc3RSZWY6b3JpZ2luYWxEb2N1bWVudElEPSJ4bXAuZGlkOmMyNGUxYWRmLWMwZTAtNzI0OS05NGQwLWNhZGJlNTdjNjM3ZCIvPiA8L3JkZjpEZXNjcmlwdGlvbj4gPC9yZGY6UkRGPiA8L3g6eG1wbWV0YT4gPD94cGFja2V0IGVuZD0iciI/PmMxhAUAACfESURBVHic7Z13vBTluce/h0MRUCESFMUoihhCRLHFGgsqscQaoyZGDbmYxN6ixt6uJYlGYr3Wq8TYYiyxRkExUUTFciMqalD0akRBg4IQ4cC5f/x2L3tmnnd3+swe5vv57AfOzO7su++8z7zv+9SW9vZ2SkpKbLrk3YCSkiJTCkhJSR1KASkpqUMpICUldSgFpKSkDqWAlJTUoRSQkpI6lAJSUlKHrkHetNFGG6XdjpKSzHnxxRcbvieQgJREogswEFgLGFT5d2WgH9C/8u8KQJ/Ke7tW/gaYC7QBS4DPgHnAJ8DHNf++A8yo/PtB5b0lCVMKSDL0B74FjAA2AL4BrAt0j3i9FWr+3y/A+xcCrwOvVF5/B14AZkX8/pIKpYBE4+vAt4GtgS2QMORJdySYG3iOvwk8AzwF/A14I+N2NT2lgARjeWAHYOfKa1CurQnOupXXIZW/ZwCPVF4T0NKtpA6lgLhZEdgT2A8YRfTlUpEYBPy88loIPArcCdwHfJ5fs4pLKSAd6QbsBhwM7AIsF/N6/wLeZulm+j20ya5utD8D5gDtaFM+t/K5FdC9aQH6oo18dYPfD1iDjpv/lSK0rTvw3crr32hWuRl4EFgU4XqdklJAxGDgULQUGRDh80uA14Dngalok/x3JARRmFvz/08DvH9lYH1geOW1KTCM4Hau5YC9Kq+ZSFCuA6YH/HynpSVIwFQntoPsCPwCLaFaQnyuDW1+/4o2wM+g2aBI9EEKhK2BbSr/D/NAbAceA8ai2aXTRdaVdhCbrsABwAlILRuUj4CHgQeA8aQnEBsC1wBHAs/FuM5nLN2QgwRmR7SE3BVYpcHnW9CDYxSaFX8N3IYeDssMy9IM0gU4EDgTWCfgZ2YDfwLuQLPF4nSa9v/sDfwe6A0sAH4C3J7C97SiWWV/YB9kxwnCdOAc4FbS74vUCTKDLAu+WC1IE/UqMI7GwrEIuBc9aQcgjc8TpD8gTkHC2Lvyd080EM8m3PIvCIvRb/o5sCr6rffSeHM+GPXhVNSnSbercHR2AdkcmIRmgKEN3vsucCqwJnqSP0Q2T8keaNa4AP+AawHOQkubnil9/2L0W/dGv/1U1Bf1GIr6dBLq405LZxWQ1dHTN8gNfAH4AZpZLgQ+TLdpHVgZeBz4UYP37Q9MBFZLuT0foj5YB/XJCw3eX30A3Qp8Ld2m5UNnE5AuwDHIL+kH1F8CTARGApugdX7Wm8/hwLPAlgHf/63K+zdMrUVLaUN9sgnqoyfqvLcF9fVrwLF0sjHVmX7McPQ0G4tcQ1xMQtqc7al/49NkN+Bp3C4rrnatjnyq9k6hTS6eQEKyI2qzi+WBS1H/Ds+gXZnQGQSkK9JMTQE2q/O+19DA3Ar5IeXF8ci1YwXj3EJksBwJHAR8abynN3AX2tRnyQRkU9kN9aWLzdC9OJNOYEZodgFZG3gSqR5dvlJzkDFwQ7QZzYtuyDp9CVKzevkE2Ryur/x9CxIUyxrfBW3qx6FNfpY8hLyGf4H61qI7uidPonvUtDSzgBwMvIR7Dd8O3AQMQYNyYTbNMlkJWaXHOM5PQ0/eJz3HJ1WOv+L43EHoyb5yAm0MQxvq0yHAf+O2sm+J7tHBGbUrcZpRQHqgJ/HNyOPW4m30NB6NjH15MhRZxLd1nH8UaYNcfk8z0LLwAcf5rYDJ5LPun42MmTuhPrdYkaW+XVnPdrFpNgFZA21SXU/iJcBv0WAZn1Wj6jAK+WkNdpy/Aq3pG7mtzEWOhJc4zq+FNtC7hW9iIkwA1kN97wr9HYPu3RpZNSoJmklAtkObv00d5/+JBuQJwPyM2lSPI5DreF/jXBtwOHAUwdXLi9G6/1Ds5eIKaPN/fNiGJsQC1PejUIy8xaboHrpm08LRLAJyMPAX3D5DdyN37zy1U1W6Alei2cHS4vwLOQteHfH616NB+IlxrhXNMtchpUAeTECb+Lsd5/ujZWVT7EuKLiBVV4ubsLVUbcBxwPewB0zWfAXNGoc7zr+FNq6PxfyeJ9HmfZrj/JjKd0QJpEqCT9A9OQ57huyO7ulZFNyfq8gC0grcgNtZ7yNkvBqbXZPqsg7SOo1ynH8CbcZdgzos0yvXe9RxflukHGjkg5YmY1Es/0zjXAu6tzdgq70LQVEFpDvy7xntOD8F2Bi/WjQvtkNuIK7BeB3wHYJFB4bhM7Qxv8JxfjBSEriENgv+ilxWnnecH42cMQsZ819EAVkOrV/3c5z/MxqQro1g1oxBT3FrObMYbZp/Snpx3m1os3849nKmL1r2HZHS9wfhA+Tac5/j/PfRPU/LYzkyRROQXkgAXOrKy1GAzxeZtchNK1JrujbEc4E9kH9SFlyNNv//Ms51RbPMleTn/vEF2pdc5ji/G7r3vTJrUQCKJCDd0VNkJ8f5U4CjKUYkW1Wlepzj/DtoM561a8tjle/9h+P84bhVz1mwGHlbu/zIdkRjoDDLraIISCvKz/Qd41w7WkJclGmL3DQyyj2FNs9TM2tRR6puKxMd5xsZL7PgInRPLReV7wB/pCAb9yIISAtwI0rS5mUxWuO7NqFZ08itYxx6CkZN95MUn9LR8dFLI/eXLLgC3VtrRbAH0m7lrgIugoBcgG00akeb2xuzbY6Teo6BS9Cy4RBsF/U8WISs7sdjD8JGDpRZcCO6x9ZMcggaG7mSt4CMAX7pOHcMxRCORq7l84B9Kc4S0Mul6Ik81zjXyAU/C25E99ril8B/ZNgWH3kKyEikVbE4FWms8qZRcNL7KMv7PZm1KBoPoc37O47z9YK4suBydM8trkJjJRfyEpBBKObZ0lZcjRIH5M3qaMPtCm99DjnfvZxVg2IyFSkPnnKcr4YBr5VZizpyIbZ/Wnc0VnJpVx4C0gs9cS3Hwz8j7UbefAsJwAjH+dvRBtdyoSgyHyMlwjjH+eFICbFVZi3qyFFoDHjpj9S/mdtI8hCQK7AH3rMoO0bedo4DkIp0VeNcO3Kw+yHKiN6MfIk2wKdgx26sjJQRB2XZqAqL0Rh41jg3ghy0mVkLyEHY/lUfIStrnnEcVee5W7FdHhYg4TmXzpHI+SKkXLCK6PRAs8wFZD9G5qOx8JFxbjQZC26WP35t7CdAG/K7ytO3qidymHO5X/8TLanuzLJRGXAPUjK87zh/ClJS9HacT4sP0Jiw/NeuJMNEEFkJSCvK0mHFkJ+IPD7zYjW0pNrfcf5FZJl2eaMmQQuyBT2Fnujz0Ib5YNI3lr2MlA2uTPJ7V9q1esrt8PJX4CTj+ApoLGWils5KQE5D9Sm83EO+8Rwj0Hr3W47zd6Ms6K4nbBJU3WxuRpvj3pXXlpVjd5L+YJiJZkhXJvkRSIBc/ZQWY7EjE7cATs+iAVkIyHpIQLx8QL5W3HpPxnakdtyX9D2Hj6l8j4t9cRvSkuTfSPlwFvYea1Xqz7RpcSj28vs0MsjkkraAtCJLrdfe0Y40KUkHEAWl3tr6S7S0OZVsNuM/Teg9SdCOlBAHIKWEl0Z7tTT4FI0Vr8at6gWQ6uyatoAcgZ1d/VLySbDQSDvzMQrsuSXDNq0Z4D1ZG8nuREuufxrnGmn70mAC9lJ8M1K2m6UpIAOB843j04EzUvxeF430+6+gNfYzmbVINKrFAW4XkTR5Hg1AVxmmevaiNDgDO7neeWispUKaAnIR/izr7aiqUdb2jkYW4vsr54IM1qS5NqH3pMH7SEnhSuHTyOMgSeYDP8O/7F2eFB1F0xKQzVE9QC83kX3Gw0Y+RhejDbvl7ZoFv0P7IRd3Vd6TF18gRcGF2HuyRj5rSTIB5QL2ciApVbpKQ0Ba0HrRu4mbA5ycwvfVo1GpgTHIDpOne8tiZBT7MVreza+8nqkc24/83W/akdLiYPIvyXAy/qzyrjEXmzQE5PvYdTrOBmal8H0WjeIcZqOIuxsyak8j2pHNY0v8dpAiubXcgpQYeZZkmI3GkpfNcGfCiUzSAtKK3fhpyK8/C4KUGtic4uTUajaeQXuPPEsyXIWdgO8sElb7Ji0gPwS+YRz/BenlhaplMPFKDZQE412ClWRYN6XvX4QSZXv5BhqDiZGkgFRLoXmZhFLNZMH1xC81UBKMICUZXHEnSfAQGlteziLB3F9JCsgBKD+tl0x8ZipsZByLUmqgJBiNSjJY9yNJrLE1GMWUJEKSAmLVpZhItpVkvU+UuKUGSoLhKslgBT4lyRPY48uV0C80SQnI9tj1u89J6PpB+RnwOHK8m4C8PuOWGigJRrUkw0Tkrj8B+VClzbnGsQ1RVvnYJLVWs+wbL+HO7pcW75FQx5REYjp6WGbJROQO413OnUgC/n5JzCCDsdPrFzVPVEnn41fGsVHYe+JQJCEgY/BbMN/D7b9TUpI0d6MxV0sLCSSdiysg3ZA7hJf/otQYlWRHG7YiZjQxazXGFZDdgQGeY23YDmUlJWlyE/6H8ipojEYmroBYsRX303wJ1Uqan5nYSediVdONIyArArsYx10p9y26I1fuT5BTXvkqX9XXp2hshCmmY429nbGz6QQijoDshd9rcxbuqqsWv0ZVo/IqV1xSXL6CxoZl53DxGH6P8R5orEYijoBYrsV/Itzm/JAY31+ybPCzEO9tQ2PQS2Q3+KgCsjx2LcGwmQe9IbklJV7CjhFrDO4Y4TpAdAHZEf/acCbhYywKUYeupNCEHSNP4lcS9UBjNjRRBcQqtvkQdrbweuQdSlpSfNpDvn8JdpyKNWYbElVAdjWOPRLhOlbWwr7IClq+lr1XX/xESaZhCYg1ZhsSRUCGAmt4ji0mnPaqpCRNJuCPYF0DO9q1LlEEZDvj2DNEi9SzZpBy477sYmWfiZJDbR52AsBtw14oioBsYxx7MsJ1QAFNXqzSbCXLBl81jlljJAhWSQ1r7NYlioBYZQyejnAdUAoXL1+JeK2S5se699YYCYIVr26N3bqEFZABqEJtLUscjQmC9XQorerLLta9j1oBYBJ+reog/M61dQkrICOMY1OJninESkCWdSWjkuJg3XtrjAThMzQ2vWwc5iJhBcQqWOLK/h0Eb5AL+DVkJcsO1r23xkhQrLG5YZgLJDGDuDLsBcH68WvGuF5Jc5O0gFhjc/0wF0hiBnk55DVqsX68K/FbSefHuvdxBORl49iwMBcIIyCtyEjoJc4M8qZx7OtkX5u7JH+6YI+vt2Jc0xqb6xLCvyvMQByIP773U+JlbP8QvyarJ9mXHCvJn7Xwl3Sbg10GLiiz8Cez60aIilRhBGSQceydEJ938apxbL0ErpsUrcjP7D/ofDNbT1QmL8uajC6+aRyztFBhmWEcGxT0w0UQkNeMY6E0DSnzc+QJej0yiIZSExaYPYDXUWGcA7Gz02SJlcfXGhthscbooKAfjisgM0J83sVzxrGsC9a7WJWOhUg3R+39L6BfLi2Kz9ooscZ9dNQYXkYCidZiYN1za2yEZYZxbFDQD4cREMsCGUfDUGWycWwzirGcuQTo4znWBYWBTkP1y4vQziAsh8pTTAW+a5xfAQl+HrRgVyVLIvn1/xrHAlvTw9xcy5Esqp9MLdOQ92UtK2GrlLPmftybxK8C16CbWJQZz8UuSKNzDu7a5ncQM0VODNbH72YyDy0B42IpkayxbBJGQCw/mSQEZDG2L1ekEMmEuQ2pnX+DXf8CYBPkWn0dITo+I9ZASQwewr18egP19QHE0xjFwbrXz5BMxKk1RgMvj8MIiHXRqI5kXqws3EXJ0j4POAkpDlzZwrugHMVvAoeR/7KrO/BLtMndx/Ge+WiDvj4JZEGPyUjjWFJtssZoKgJizSBeHXNUHjeObYN7OZAHr6En3X7Y61qQu/ZVwBRSqtsdgB2A/0F1zXs73nMviq67EPfMmBU9seM0khIQa4wGDqkIIyBWpN+CEJ+vx4v4Jb03dmqhvPkjcle4CPfg2hAtG28kuwCw1YDbgfHYFmmAf6A6jXuTjIIlCayUPJ8Szwm2FisiMXCZ6jACYqWA/HeIz9fDlYliz4SunzTzgFOQIsEVi9+Csou/CRxJgoUlPXRF5e/eAPZ3vGcBKs+9PtqPFIm9jGMPEj5DjosvjWPLBf1w3BkkqR8B0st72Z2Y6etT5k1kRPwe7idyX+By4Hlg64S/fxtUyesS3LH8DyJBPofkZvyk6Iqdff3eBL/D2uin4otlESUli4u/4L+B/YmYzyhj7kbLmvNxL7tGoDjpm5EBMg6roBLLE3G75byLns7fpbh14b+Dfwm6AI2FpPCaECBEYpC8tS21fIE9/f8o64ZEZAEqS/xN4GHHe1qQreE14FjCL7ta0XJtGio90WK8ZyFwAdqEW7NykbDKZzyEne0mF+IKiJWmJQ5W4fk9sROKFZV/oCRle+F2xekLXIo2okFT0WyOlmmX4+6Px9By6jSKt5zy0hd7j/n7hL/Hmi2sWcUkjIBYF016BnoEv2FnOfJ3pIvCfUjbdS7uwToc1fn+A+5l11eREfJp3E6c7yP18yjsGJsicgj+zfJs3LNvVKz9RmADZJgBbq2tA2sDQnzHH4zjh2MvJ4rOAuAsJAiWlg70u36ItFAnsHTZ1QX5ek1DRkjrXrUhK/83kPq5WWhB99TLrSRvl7FUuoG1r3FnkDQMedfiT1g8BLvUdLMwHWlrdkdLMIsVgIuRke9nyNXiGtxW3yfRxv8kQiwZCsIoFNlXSzv6vUnTyzhmqX5NwghILJN9CF5Dyw4vJ6bwXVnzALJFnIV72TUMedW6HCA/RJvb7bGDzZoB614+QTLxH16sMRo4W2NcAUkrydsVxrEdKL7XbBAWoH3JMMLp+9tQzMYwFAEYtixAUdgU28/uypS+L5aLVBgBsS6alvfqfdjB+qek9H15MAO5fBxB4zXxAqTePQbFaTczpxrH3iJZ42At1hhNRUAst+G0BGQJ8Cvj+J50jlkEFIg1FlVybaTs6ImWXX+kuRPrbYKt2v01yXpl1GL5wgUO0wgjIFbt86+F+HxYfo/Ul7W0IA/UZqYFxYC/jmaEMMbCfdG+4xTClUcuChfh10Z+gG3/SgprjFpj2SSMgMwwjqWZnqdqEfYykuZwP7EYhty4b8Ft93geOAqpfS2WR/0ylebqh1HYe4967jlJMMg4NiPoh4ssIKBMIpYf0ViK7cToZXm0ZHwJaZ8sPkUZVDZHSor1UdCTS4U7BBlW76b4y65uaCnpZTq6x2lijdEZQT9cdAFZBJxhHB+Kisw3A/si9eVJ2MuiduAGFNp7DUvX4guRUA2jfnntvZEx8XSSN9wmxdHYMSpn4i+VljSDjGMzgn44jIB8gP/HrET6AUG3Y6d/OZNil0oYgrxS/4h7r/YysBWylLs2jv+L4jx2wG0n6AmchxIzRCpWmSID0b3y8jy6t2nSH78dZBEay4EIIyCL0ZPKS9rZR9qRKtSr5VgRhbcWjepgnYrb+j8HbdA3xa6lZ/E48sU6Efeyax0U/3Efyn9VBK5G96qWJcjVJC3NVRVrbL5JSr5YYCcD3iDkNaIwBYWvetmdYrnD74Ge8qfjXk7dgpZNlyHjXxgWIneUdVHGlXrtmIos9nnG9f8IOyDqRnRP08Yam6Gs9WEF5H+MY6HqLcTgFOxqQ78jXXVzEGqzFQ5yvOdVtEE/CLmLxOFD5OBYz92kJwqznYoEJmtWx96Yf0x2Bl9rbIaqRhBWQP5uHMsqj+5stNTyshKymQQOo0yQRtkKQcuhE5FjYdRqwC4mVq57PPC54z1rI8F9gOxSi7aimdJy8ziCZPKpBcHK9xsqGURYAXnZODYcf3rOtLir8vKyLQoSypIg2QrvRNqbiwm/nApKGwq+Gkp9H63dUHvPI/1l16nYgWCu+5cGfbDDkV8Ic5GwAjITv4qsCxHK68bgcOwlypnAzhl8f9BshTsh7VNgjUlMql6+22LP9KAZ73Rkxd87pXbsjPY+Xj7EjgFJiy3wj+8ZhLCiY1wgCJbWZasI14nKLDQQvBqQVrRxTWsZ0R04meDZCsen1I5G/A2VaKjn2LgmMjA+jNTRSbEOCnryLneXoFj8OMWWwmKNyaAaw/8nioD81Ti2XYTrxGECtjNjX3Tjk17yjUTLy4tojmyFVdf4oSiLimvZtTPaP52P+3cFpQ/qeytr4a/J/oFhZWv8W9iLRBGQicaxzcluH1LlDOz0lMPRjUrCmW9VNCtNQIPfoojZCqt8hOL5t0ZuLhbd0az3GrL6R6E76nPL7vAEWtZlyfLYy/6JYS8URUCm4R8IXck+JHYx8ANst4GRSNceN479FpT13KLI2Qq9TEJGySNxL7vWwJ2ZsR4tqK+tBNTvVq6ZRJb2MGyP31fvPSKUU4ialcQaEHl4ls5CT24r/+qBKIYijpAchm21fojiZit0sRhF7Q1BA9q7h5uLcnWFoQX18YHGufko9VGW+44qlt0n0kMsqoBYme92jXG9OLyMZhLrKfVTpAKNypt0HDTvIYHcjeJmK2zEbFSQdCs62gTOJLzG7VLUx16qs/vLEdoXly7o/niJlK0x6oAej38juir2xigL/oxiKCyOQU/OqDPJDcip7kK0D7k34nWKxmS07DoM3c/LQ3y2pfL+Yxznj0L3JA+2wR9r8yURlQRRBWQeyuLnJcoaNimuxr0ZPBxpc6Ja23+ANrLWUq6ZWYKWSDsRfJ/QivrySMf5M9C9yIv9jGPjiZgaKc6SyIpR+B7ppfkPwvkoY4jFQejpHzhxcYmP5VEfWjl1QX3/n5m1xk8rGoNe6sXT1CWOgNyLPwFXf/IvenMWto0E5C/1N4odR1JUVkd95/I5+xW2BT1LRgEre459SYwk3nEE5HMU8ullTIxrJsUvcS+3RqDKtEnX6ujMbI36bITj/Omoz/PGGnuPAJ9FvWBcrZOVjWIPQtShTpHzkeeoZUVeDQUgHUdz5vzNkuNQX61mnGtHe5HzM22RzQDs2JNY2eLjCsj9yFpbS1eKk439KrRps2wV3YDfIgtwVnUEm4n+wD2oj6wEGQtQ36aVETEsP8bfzo+IqU2LKyCLgP82jh9Gvpv1Wu5CvmKuIKW9kBu4pTtfVqm6xu/lOD8T9WlWruuN6IrGnJebiJkUIgnD3g34lzFr4PZ4zYPnUEbGyY7zq6CAolvwb/KWJVZGS5IHUJ9YTEZ9aSXSyIt98Kc+aieBlEJJCMg/sCu9npzAtZPkfWREshJjVzkQ+ZodSrHK06VNF/Sbp1E/xv8K1IeuOvF5cZJx7FHcpSYCk9Qg+I1xbCOyd4NvxCJk5d0XO1s9yF37WhR/n0UAVt7sjH7rtdiu6qC+2hf1Xdp5rMKyHYp/8XJxEhdPSkAmYLtTW/mQisCfUDimpaaush4KKBpPfi40abIN+m0P466UC+qj9VCfFRFrjL1EQvEnSS4jxhrHtsedajNvPkQOlmNwzyaghG1PoliCXWhutXAL+g0T0W+ycuVW+RQtu3YlfhaWtHCNr7FJfUGSAnIrtodrnq4Hjaim/RyKbDr1itJsi1ympyHdf9YBYnHow9Ly0Q9Rv7JuO+qLoWiTW+RCPecZx95GYzERkhSQNhQf4WVLipcO08ssVHV1S9yarirrIk/WD5GX764UR6VdS1fUtttRWy/HXxfQy2TUB4eQTxxHGHbBjjs/hwQzyLS0tzd+QGy0kZVeyKQVxTh7ExVPQ5F3RdvgWbQgteH5KKF0EP6Fnsz3IS/nOam0rDF9kS/cnkg4XJtuL28gL9y7KPaMUaUbytxijbP1COiZ/OKLjVNkJa3KXIzCUL0MxTbkFJF2tCEdhtzcg2Ti+wpSEd+JApKmIC3K3qSbAX+tyndcXPnO2ZU2HEgw4XgV/cZhKMl2MwgHaCxZ2eLPJuHw3qRnENATuGpMqmUOCvfMKqteUnRB0/kxwI5E26R/ip5405Fufgayy8yqnGtD/VO9GS1oNujK0gz6q6O0pusAg9GMHKWIajtLA6QeJP0E0knTD/VhX8/x54HNCCHkQWaQNAQElOVkEv7BdCMK92xWhqIQ0wNpPov7x8AfkL3DytLfLNwA/MRzrJ1g+8cO5LHEqjIZW5MwGjv7Rd70QhqbT1AmDu8NqDIN5cEdiPyVbiOGK3UGfIbauBuagY7HLRw/QTH3s1Ahn15ZNDAkI9EY8nIbIYUjKGnNIKAb8jr+CL7pKCNIkbKBXEnHtJifE1yN2x2pTXdHG2RrbZwl05Ci4H5k6wiaxG4uHe/VlbjDavOgJ9oPDvYc/wL1ubfga0PynEFADbbKpw3G1l/nxRD8mTkmhvj8QjQgj0ZJHQagXFqXoQg8V9b1JPi88h2XVb5zQKUNR1faFCbD4xOev3+KfzDmyXnY7TmDCMIRlDRnEJDa92m0eaplCXraPh71wglyBx0D/ZegyLlQdSTq0IJKEAxBN3gwWqKtjOrM90ezUDeWPsHnIZX4QrTkmY32EB+gGXg68BYyiiWledoApQGqfWjegTtxXpaMRALvfaA/i2whkTRXeW7SaxmOUs57g1k+QJqYem4eabMJctuuVSaMQ4ayZZFxdEzI0I76KFRNjYRZCWkAB3qOL0JOipEfZHkvsaq8gl3vfCBwXQbfXw9vYfsvKa6DZRacRcdEHC2oj/LkGvzCARpTSc3yTrKKeTgPO/X8PoRPd5kUO+F31rsaabGi0IIMdp8jA1yWSSG2QbaBmcD3Y1znHZQnq5adkP0nD47FTqj9DBn5+GWxxKqyNkpFuYLn+CI0UEOnpo9BC7I81/6wz9H+IKohcx86uoS/QXYarTdZWudjPsosGFU50B8JW21l2inI8Julpf3bKIzCuzSfi/aIb8f9gqIssaq8ja027IbcHKxpNC32x1+/7jfEs/J7g6uy/D21qTZ7Ea+g0SzgEs+xTbAzFqbFQOQyYyWLOIoEhCMoWYeVjkOB9F5WQU/fLIxT3fBPzzOJl+Qa9MSr5dmY1wuD91EYd3l3Cf5sNf+JPWCTphcaC1bqqJsrr8zII+76COxy0pshi2ja1WoPxa9PPxcZnKKyCv7llFWJKy28+7u4NSO/wJ/CdR3STwpYLaPnNQuAxkyWNQ6BfARkPvJAtZYzexAuy3hYeuPXUr1F/OwXVgBSlgLytOfvzYgfo3Id/gC4M4lfqq0el2PX9piN9niZJw/PK3PHO2gfYFl6DyO9NJYn4E9nczrx41S8y6svSck3yMFkOm6geyHDXxwW4U/fOgBlWkyDE7FDIhaisZLZvqOWPFPbPI67pseFJO8H1B8JSC1TkIIgLt4Z5Hng3wlcNyizkCarliTUzHfg39+ciDwAkuRIVOjT4ihy9LjIO/fTtbgNUZdhe25G5TQ6qi4BTiG+6rIf8E3PsSdjXjMK3n3I5glcsx3/bL4i6sukGI3utcVFaIzkRt4CAipMYyUYbkHr4B8n8B2DgJ97jj1GMqlhtsbfj1nuP6o85fk7KUOl1U+HoVrrcRmN7rEVhDYOjY1cKYKAtKOOspIMt6IgqyNifse5QA/Pdya1z/HmzGpDwWJZ451BVie5OijembYH8T2yj0DBT5bW8s8oPiX3EOAiCAjIG/P72IUWW1DKy6gDegP8VVittXVUvPuPF4hY7ismr+N3/ExqFpmCv0rTgdh10YNwMrqn1szxKDJKZl062qQoAgLSVuyDXfsQtHH/HeHtJOfR8Xda2pmorIi/qEweyyvQ09arOUtiH1LlDDpq+7pgO6HWoxXdQ9e+czwyAXgrl+VGkQQEpOfeAyUTsDgaWVnD6OK9mfeuIbkSzlvhF9i8BAT89pAkHSbfwu99XS8zo5fe6N4d7Tj/ILr3hSqUWjQBAalH98Gtft0TRfwF9XU6FmUjn41ucJJZ5737jyX4N8tZ4t2HbECy7jsnoj3hHBTF5yoD7WUgiljc03H+LnTPixSGDWTrzRuWVmTh/rHj/EfIgJSHSrXKJDq6dbyE3wkyS3qhRA21VvQdyDdycxu053OV5bsZZbrJfM9RNG/esCxGmgzXOncVtGY9NqsGeeiFvFxrydJl32I+fj+3JPchYTkWuay7hOMCpMEsxIbcosgCAtp4noYcDC13kK7IC/dPyGCXJVvg927NczarkpY9JAz90D25FNsnbBG6p6dRAFVuPYouIFWuR/EWrniNfdCTM8ymMS5e9W47+W7Qq3j3IZuRbcmGHVBgnKsE32x0L2OXR8uCZhEQ0Dp6Y6STtxiIdOiXoBxKaePdoL9GMdKqejVZK6Hcu2nTE/X9o7gNlFPQPSxCNptANJOAgDL/fRtZYC26oOyBr5BuBsce+GMWijB7gLRL3hqCae9DRqI+Px73mLoB3bv3Um5LojSbgIDUwGNQah5X3PVgtIG/keQ9T0Hx2ct5jhVFQCBde0gtX0UDfzzuJHOfo3s1hmw9nBOhGQWkyjhgQ+xsKaB192hk4DqOZIvc5B0g1YikIwy9dEU2kLeQptG1x5mM7tG4hL8/M5pZQEBBNNugqkKuoKe+wG/RJj6pSlfeAKm3gH8mdO0k8M4g66J4mCTYFfXlWPwlCKosQvfk2+QU6JQUzS4gIO/Zs9Hmr15x+2HIneEp4u9PNvX8XaTZAzSAa102WogfYbg96rsHqb/pfw7Zh84mwVJoedEZBKTKK2gpcRz1EzBshYxXjxO9Aq93tng44nXSog39xlq8WUqCsj1L+6teOqEvUN9viVKFdgo6k4CAfKHGoifcbdQ3Qm2PbvoUlKA5zB5lNMqeOBdlU7w7QlvT5nj0NJ+LAo/CpOnsivpkCuqjejNuO+rrYajvC2sVj0KRfbGSYHNkzQ2i5nwXpR69GeXJWhYZgDROQSMGJ6NZI8sEFYnR7L5YSVAta3wAjcuOrYniFN5DM8KupJ+jqwi0ot96N/rtF9FYON5AfRq67Fmz0dkFBLQEuAOVBz6ExrEg3VDQzoOovvhVwHZ0rr7qgn7TVeg3Poh+c6PMiW+jPvwm6tNC+1ElQWdfYllU19cn4I8GrEd1ID2CDGNFrk1o0Qdlad8Z1Sxctf7bO/AqSstzK51AM1WlKAV0isyOwC+AUYRz6GtDxrgnKv8+Q/EEpg/S6m2BZostCaeIaEfhz2PRQ6HTzRZBBCRJ63IzMp6lbhKHouWDK3ahlq7ICFY1GC5BWqIXgKlIzfl3lNAtC/qjal3DK6+NK/9GWRZ+hBKMX4/KICzTLOsziJduwHeRoOxMx1RBUfgEmFF5vYM2wZ9UXh+jWWcOejovZKn9pjeqW9iCrNV9UE3DfpXX11C9lUGVV9xYmC/RLDEOVceNm4q1KShnkPAsAu6pvPqgGOr9UJWl7hGuVx3QGyfVwARZiGbPO4D7KN4SsRCUAuLmM/REHYeqz+6AZpWd0VO7GZmBZopHkHU8j/xdTUUpIMGYh56y91X+HoqcJLesvIY4Ppc3b6HEEpOQv1gjW1CJh1JAojGt8qomVh6AllEjkFPgMORBm0VFJtDS8HU6KgheYtn1CEiMUkCSYSaykdQmvGtFYcCDKq+10Ea7Pwo06ocKmvatvL8HS3NYzWdpdsE5yJ/qExTSOxtpmt5hqQLgAzqZD1RRKAUkPRYjrdV7FM8dviQggdS8JSXLKp3Jv6ikJHFKASkpqUMpICUldSgFpKSkDqWAlJTUoRSQkpI6lAJSUlKHUkBKSurwf7xowU0FpQX9AAAAAElFTkSuQmCC\"></p>', 0, 10, 1, '2021-10-05 14:40:04');

-- ----------------------------
-- Table structure for expand
-- ----------------------------
DROP TABLE IF EXISTS `expand`;
CREATE TABLE `expand`  (
  `id` int(11) NOT NULL AUTO_INCREMENT,
  `imgSrc` varchar(255) CHARACTER SET utf8mb4 COLLATE utf8mb4_general_ci NOT NULL,
  `title` varchar(255) CHARACTER SET utf8mb4 COLLATE utf8mb4_general_ci NOT NULL,
  `path` varchar(255) CHARACTER SET utf8mb4 COLLATE utf8mb4_general_ci NOT NULL,
  PRIMARY KEY (`id`) USING BTREE
) ENGINE = MyISAM AUTO_INCREMENT = 17 CHARACTER SET = utf8mb4 COLLATE = utf8mb4_general_ci ROW_FORMAT = Dynamic;

-- ----------------------------
-- Records of expand
-- ----------------------------
INSERT INTO `expand` VALUES (1, '/images/javascript.png', 'JavaScript', 'https://developer.mozilla.org/zh-CN/docs/Web/JavaScript/Guide/Grammar_and_Types');
INSERT INTO `expand` VALUES (2, '/images/github.png', 'github', 'https://github.com/');
INSERT INTO `expand` VALUES (3, '/images/gitee.png', 'gitee', 'https://gitee.com/mainfish');
INSERT INTO `expand` VALUES (4, '/images/zhengze.png', '正则表达式', 'https://c.runoob.com/front-end/854/');

-- ----------------------------
-- Table structure for front_user
-- ----------------------------
DROP TABLE IF EXISTS `front_user`;
CREATE TABLE `front_user`  (
  `avatar` varchar(255) CHARACTER SET utf8 COLLATE utf8_unicode_ci NOT NULL,
  `username` varchar(255) CHARACTER SET utf8 COLLATE utf8_unicode_ci NOT NULL,
  `useraccount` varchar(255) CHARACTER SET utf8 COLLATE utf8_unicode_ci NOT NULL,
  `password` varchar(255) CHARACTER SET utf8 COLLATE utf8_unicode_ci NOT NULL,
  `article_id_list` varchar(10000) CHARACTER SET utf8 COLLATE utf8_unicode_ci NULL DEFAULT '',
  PRIMARY KEY (`useraccount`) USING BTREE
) ENGINE = MyISAM CHARACTER SET = utf8 COLLATE = utf8_unicode_ci ROW_FORMAT = Dynamic;

-- ----------------------------
-- Records of front_user
-- ----------------------------
INSERT INTO `front_user` VALUES ('/images/fish.png', '等鱼', 'waitfish', '77026f8223ca585457a77c79c40bea98', ',6,4,7,3,2,1');
INSERT INTO `front_user` VALUES ('/upload/d7e015a0cc97be1f27ddde8baf1785fb.jpg', '不问天晴', '2241563294', '77026f8223ca585457a77c79c40bea98', ',5,7,1,3,4,17');

-- ----------------------------
-- Table structure for past
-- ----------------------------
DROP TABLE IF EXISTS `past`;
CREATE TABLE `past`  (
  `year` varchar(255) CHARACTER SET utf8mb4 COLLATE utf8mb4_general_ci NOT NULL,
  `time` varchar(255) CHARACTER SET utf8 COLLATE utf8_unicode_ci NOT NULL,
  `avatar` varchar(255) CHARACTER SET utf8 COLLATE utf8_unicode_ci NOT NULL,
  `username` varchar(255) CHARACTER SET utf8 COLLATE utf8_unicode_ci NOT NULL,
  `content` text CHARACTER SET utf8mb4 COLLATE utf8mb4_general_ci NOT NULL,
  `id` int(11) NOT NULL AUTO_INCREMENT,
  PRIMARY KEY (`id`) USING BTREE
) ENGINE = MyISAM AUTO_INCREMENT = 11 CHARACTER SET = utf8 COLLATE = utf8_unicode_ci ROW_FORMAT = Dynamic;

-- ----------------------------
-- Records of past
-- ----------------------------
INSERT INTO `past` VALUES ('2020', '09-15', '/images/fish.png', '等鱼', '那天是第一次看见你。', 1);
INSERT INTO `past` VALUES ('2019', '08-17', '/images/fish.png', '等鱼', '加油冲冲冲！', 2);
INSERT INTO `past` VALUES ('2020', '06-23', '/images/fish.png', '等鱼', '吃了好多好吃的，嘿嘿嘿。', 3);
INSERT INTO `past` VALUES ('2021', '09-21', '/upload/d7e015a0cc97be1f27ddde8baf1785fb.jpg', '不问天晴', '今天是测试的第一天。', 4);
INSERT INTO `past` VALUES ('2021', '09-21', '/upload/d7e015a0cc97be1f27ddde8baf1785fb.jpg', '不问天晴', '修bug真的很麻烦🤨', 5);
INSERT INTO `past` VALUES ('2021', '09-21', '/upload/d7e015a0cc97be1f27ddde8baf1785fb.jpg', '不问天晴', '似懂非懂', 6);
INSERT INTO `past` VALUES ('2021', '09-21', '/upload/d7e015a0cc97be1f27ddde8baf1785fb.jpg', '不问天晴', '今天的任务进度很顺利😆', 7);
INSERT INTO `past` VALUES ('2021', '09-24', '/images/fish.png', '等鱼', '今天没有发现bug😆', 8);
INSERT INTO `past` VALUES ('2021', '09-26', '/upload/d7e015a0cc97be1f27ddde8baf1785fb.jpg', '不问天晴', '今天也是有bug的一天呢😱', 9);

-- ----------------------------
-- Table structure for review
-- ----------------------------
DROP TABLE IF EXISTS `review`;
CREATE TABLE `review`  (
  `article_id` int(11) NOT NULL,
  `username` varchar(255) CHARACTER SET utf8mb4 COLLATE utf8mb4_general_ci NOT NULL,
  `avatar` varchar(255) CHARACTER SET utf8mb4 COLLATE utf8mb4_general_ci NOT NULL,
  `content` text CHARACTER SET utf8mb4 COLLATE utf8mb4_general_ci NOT NULL,
  `time` varchar(255) CHARACTER SET utf8mb4 COLLATE utf8mb4_general_ci NOT NULL,
  `article_title` varchar(255) CHARACTER SET utf8mb4 COLLATE utf8mb4_general_ci NOT NULL,
  `id` int(11) NOT NULL AUTO_INCREMENT,
  `createDate` datetime NOT NULL DEFAULT CURRENT_TIMESTAMP,
  PRIMARY KEY (`id`) USING BTREE
) ENGINE = MyISAM AUTO_INCREMENT = 10 CHARACTER SET = utf8mb4 COLLATE = utf8mb4_general_ci ROW_FORMAT = Dynamic;

-- ----------------------------
-- Records of review
-- ----------------------------
INSERT INTO `review` VALUES (5, '不问天晴', '/upload/d7e015a0cc97be1f27ddde8baf1785fb.jpg', '{\"text\":\"我觉得这篇文章真棒！🤫\",\"children\":[{\"username\":\"不问天晴\",\"avatar\":\"/upload/d7e015a0cc97be1f27ddde8baf1785fb.jpg\",\"replyUsername\":\"\",\"time\":\"2021年09月22日\",\"text\":\"我也觉得很不错呢👍\"},{\"username\":\"等鱼\",\"avatar\":\"/images/fish.png\",\"replyUsername\":\"不问天晴\",\"time\":\"2021年09月22日\",\"text\":\"是啊，真的是太精彩啦~\"}]}', '2021年09月22日', '既往不恋，当下不杂，未来不惧', 2, '2021-09-22 11:05:40');
INSERT INTO `review` VALUES (4, '等鱼', '/images/fish.png', '{\"text\":\"测试工程师路过🎲\",\"children\":[{\"username\":\"等鱼\",\"avatar\":\"/images/fish.png\",\"replyUsername\":\"\",\"time\":\"2021年09月22日\",\"text\":\"应该没问题\"},{\"username\":\"等鱼\",\"avatar\":\"/images/fish.png\",\"replyUsername\":\"等鱼\",\"time\":\"2021年09月22日\",\"text\":\"那肯定的啦😜\"}]}', '2021年09月22日', '往昔终不在，岁月愿重来', 4, '2021-09-22 18:47:33');
INSERT INTO `review` VALUES (4, '等鱼', '/images/fish.png', '{\"text\":\"不错不错\",\"children\":[{\"username\":\"等鱼\",\"avatar\":\"/images/fish.png\",\"replyUsername\":\"\",\"time\":\"2021年09月22日\",\"text\":\"🤣一次性过\"}]}', '2021年09月22日', '往昔终不在，岁月愿重来', 5, '2021-09-22 18:48:03');
INSERT INTO `review` VALUES (5, '等鱼', '/images/fish.png', '{\"text\":\"文章写得很好😗\",\"children\":[]}', '2021年09月24日', '既往不恋，当下不杂，未来不惧', 6, '2021-09-24 11:23:29');
INSERT INTO `review` VALUES (1, '等鱼', '/images/fish.png', '{\"text\":\"文章写得很不错呢😜\",\"children\":[{\"username\":\"等鱼\",\"avatar\":\"/images/fish.png\",\"replyUsername\":\"\",\"time\":\"2021年09月24日\",\"text\":\"我也觉得\"}]}', '2021年09月24日', 'Computed 和 Watch', 7, '2021-09-24 16:20:07');
INSERT INTO `review` VALUES (6, '不问天晴', '/upload/d7e015a0cc97be1f27ddde8baf1785fb.jpg', '{\"text\":\"我很喜欢这个功能😗\",\"children\":[]}', '2021年09月26日', '个人博客为什么没有人用了？', 8, '2021-09-26 12:46:08');
INSERT INTO `review` VALUES (4, '不问天晴', '/upload/d7e015a0cc97be1f27ddde8baf1785fb.jpg', '{\"text\":\"😜111\",\"children\":[]}', '2021年09月27日', '往昔终不在，岁月愿重来', 9, '2021-09-27 10:05:24');

SET FOREIGN_KEY_CHECKS = 1;
